title,cluster,x,y
100→0,7,6.9941573,13.193275
256死1クリア,6,2.1933239,11.548042
30Km,1,2.0736861,12.97448
4D Thinking♡,5,6.0108366,8.010857
5年後もこのまま？,7,7.932346,9.204078
6 Seconds Magic!,2,6.0502515,9.746572
AAA for Sale♡,2,5.659155,10.545686
Accessorism,4,6.5127525,13.009329
Accidentally Natural,6,5.629905,12.631988
Acid White,1,1.9088697,13.083554
Acquire the Log,5,4.285339,8.930098
Ad-Safe Lullaby,7,7.424729,9.600889
Aerobic Mind OS,6,7.3388953,10.654542
After School OS,5,5.177099,8.77476
"After Tesla, We Begin Again",7,8.062987,12.255794
AFTERIMAGE SPEED,7,7.3291535,9.7985525
Against the Throne of Masters,6,6.7138968,11.55857
AI Ban Anthem,7,5.727213,9.95162
AIさんが言うなら,4,5.33556,11.657868
Algorithm Blues,3,4.3749003,10.870645
Algorithm Game,6,5.1450644,12.555816
Algorithm Hack Garbage Machine,7,7.317203,9.062943
Algorithm Human Parade,2,6.035106,9.3573885
ALGORITHM ONLY COUNTS,2,6.220434,9.7130785
Algorithm Puppy Academy,2,6.507673,9.87796
Algorithm-sama ♡ Bless Me,5,7.7723875,9.853566
"Alignment, not Success",1,2.7875144,12.970967
Ambivalence makes you,4,3.9932656,12.408788
AnchorじゃなくてPole,6,5.487098,11.195559
Are You Numb to Yourself,2,7.4887958,8.742899
Art = Science♡,6,6.7918763,12.630705
Asset Value  Capital Value,3,5.0076513,10.410722
Auto Focus,1,2.599275,12.9367285
Auto-Play Ego,2,5.559115,10.107161
AVERAGE WORLD,5,6.345325,9.348409
Awarded Into The Known,1,1.3964152,13.126648
Axis or Invitation,3,4.8411274,11.222479
"Baby, You’re Not Olympic Yet",2,6.98299,9.554471
Bacchus Trance,4,5.0942965,12.358368
Baseline Pop!,2,6.77041,9.731502
Bathymetry Protocol,5,3.442737,12.039671
Before You Fear Boredom,1,1.2705643,12.988646
Belief Not Required,6,6.7509174,10.194402
Beyond the Unnoticed,1,3.4605067,12.8072605
Blame the Tool,3,4.9452195,10.609953
Blur to Survive,4,5.200139,12.05792
"Boil the Water, Take Responsibility♡",2,4.8629045,7.613433
"Boring No, You Just Stopped Looking.",7,7.1374874,10.8485155
Born Without a Future,3,4.8898964,11.644265
Born.exe (Not My Choice),3,4.7293596,10.527854
Borrowed Feelings Parade,2,5.0338044,8.938437
"Borrowed Flag, Borrowed Pride",2,6.6396494,9.2028055
Borrowed Goodness Parade,2,4.561854,10.607649
Borrowed Tomorrow,6,5.1422563,12.387784
Bows and Waves,4,4.959176,11.830579
Branching Dreams Theater,7,7.5346217,12.094375
Broken Receiver Parade,5,5.0558176,8.729825
Bubblegum Tulip School,7,7.7290454,10.9210615
Buffered Humanity,5,7.506048,9.635176
Buggy Beauty Syndrome,2,6.176277,9.2484665
Burn Mandate♡ChildChain,7,7.969808,11.911325
Calculated Madness,2,7.304434,10.597945
Call Me Pavlov,2,5.635202,9.913634
Can You Judge Without Seeing？,4,3.9981306,12.239416
Can’t Select You,5,5.085642,8.141246
Capital Referee,7,7.0755377,8.219076
Capitalist Feminism,3,5.0756183,10.980156
Card Quest Literacy,7,6.5326147,12.018583
Carnegie vs The Fund Managers,6,5.864143,12.752298
CAST TIME,5,7.313899,8.910888
CAUSE  EFFECT,6,3.5533133,10.570481
Certified Good Neighbor™,6,2.8502316,11.305735
Chaos Giant,3,4.6302695,11.771232
Character OS,5,5.284619,8.240713
Chasing Zeroes,3,5.316098,11.913961
Cherry-Picked Circus♡,6,7.698956,11.20722
Circulate My Groove,7,6.5155926,12.545804
Circulation Swing♡,7,7.590373,9.538681
Circulationism,4,6.4991097,13.699935
Cite Me If You Can,6,7.378952,12.259623
Class Ranking Wonderland,3,5.5527196,10.417376
Closed Not Closed,2,5.539998,9.573785
Cognitive Breakdown Parade,7,7.8509035,9.946075
Cognitive Labyrinth,1,1.6708199,12.152761
Color Vector,4,5.154925,13.1825695
Comfort Zone Parade,7,6.9642067,9.736898
Common Sense,6,2.5992973,11.79224
Commoner.exe,2,6.6453576,9.930287
Community Dependency Syndrome,2,4.382242,9.638336
COMPACTED DIGNITY,6,6.605769,11.515471
Company Playtime,3,4.6453404,10.112078
Compliance Candy Panic,5,7.68841,8.928743
Concept over Quality,3,3.9269812,11.505214
Confliction by Design,6,7.1819673,10.766814
"Connect, Don’t Stack ♡",4,5.358665,12.095314
CONNECTED! (No One’s Home),2,7.0946913,9.08671
Consent.exe,2,6.56053,9.77696
consideration,6,5.8289237,11.753515
Consistency Carnival,7,7.385515,10.981592
Constant Open Valve,4,4.449339,13.802537
Conversation Music,4,4.6704593,13.521776
Convince.exe,5,6.537923,10.887776
"Copy, Don’t Just Scan!",2,4.2045426,8.466707
CORE ERROR♡迎合しません,5,5.143224,8.314763
Core Selector,4,6.7731223,13.42666
Crayon Rules,3,4.4738874,10.539311
Creation as an Industry Kills Creators,6,6.316281,11.928758
Creation Is Not Pain,6,6.0023746,11.750858
Creation with,6,6.4095993,13.801413
Creativity Not Allowed♡,7,8.069568,11.490236
Creator Girl,6,7.5083375,11.825476
Creator Upstream,6,7.514319,12.166096
Creators of Motion,6,3.8684354,12.982307
Critic or Thinker,3,6.165932,10.694199
"Culture, Trend, Void",4,5.9493475,13.286559
Cut Me Softly,7,6.672954,11.689991
Cut the Distance,7,5.856487,10.973135
Cute Answers Only,7,7.5261545,10.684802
Cute Optimization Protocol♡,2,6.4733243,9.439744
Cute philosophy,6,7.6020694,11.062211
Cutting Your Own Future,0,3.6685452,8.856441
CYBER CRAYON BABY,7,7.0856247,12.153786
Cyber-Sufi,4,6.3192034,13.682552
Cycles Beyond Thrones,3,4.5984235,12.265091
Dance Is Not a Stage,4,3.049804,10.541415
DARK MODE IS NOT EVIL,6,6.9417863,12.118232
Deep Talk,4,5.727461,12.0615835
Deferred Correction,4,3.9702153,12.0493145
DEIFICATION PROTOCOL,5,5.5723906,9.493746
Delivered or Displayed,4,4.428512,12.710034
Depth or New？,2,5.9169645,9.357625
Designed That Way,3,4.7535486,10.313816
Did You Know It’s a Human Rights Issue,2,6.5024295,9.203814
Difference？ or Different？,2,6.0981474,10.861404
Different Dance Floor,2,5.8297567,9.631623
different OS,5,6.6684837,8.502252
"Different Roles, Same World No Rank, Just Function Roles.exe",6,7.595082,10.88629
Digital Folklore,0,3.764554,8.96092
DIGITAL POOP,5,7.328526,8.978334
Digital Tattoo Parade,2,6.0973854,9.449305
Dinksdis,7,8.340772,10.896454
Disadvantage assets,4,3.72795,12.01153
Distance,7,6.693462,12.864105
Divide by Zero Office,7,7.445022,9.483149
Do You Know Why,7,7.4558096,10.4439125
Do You Trust the Recommender,3,4.937087,10.749088
Does Your Repetition Reach the Hippocampus？,4,5.305539,14.015002
Don’t Call Yourself a Creator,3,4.291005,11.675054
Don’t Consume — Move,5,7.631575,10.019995
Don’t Label It Kind,4,6.321804,12.223859
Don’t Lore Me,3,4.063859,11.157299
DON’T OUTSOURCE YOUR JUDGMENT,6,6.916365,11.738218
"Don’t Try, Just Swing It",4,4.240041,11.948452
DoT Dealer,2,6.873661,9.015968
"Drucker, What Did You Want to Tell Us",7,5.649335,11.245558
Dynasty Loop Protocol,7,5.7859197,8.353648
Echoes Without Proof,6,6.4743967,11.833042
Edge of Edge,4,5.507247,12.164885
Edison King of Copyright,7,8.078062,12.010134
Emotion OS (ver.0.β),5,4.855394,14.126313
Emotion Protein,3,4.437455,10.228473
Entrance Designer,4,5.507311,13.0696125
Entrance Filter,3,5.0845304,10.916731
Equal Pieces,3,5.1624455,11.8570385
Escape Velocity,3,4.577821,11.8693285
Eternal Name Candy,2,5.7990637,9.087769
Ethics blur the structure,4,5.5279527,11.617481
Evaluation Bubble♡Swing,2,6.7884192,8.832709
EVALUATION BUG,5,6.3531017,9.090949
Even If the Link Fades,5,6.5739074,8.33311
Everyone Is Talented (Except the Scoreboard),2,6.060159,8.779865
Experience Theme Park Creators,2,6.758118,9.797875
Fast Info Junkie,4,6.2158813,12.142229
Fault protection,3,5.3647594,11.516456
Feder,4,6.47857,12.294594
Feel Temp,4,3.6318758,12.985916
Fermented Words,7,5.975589,13.152784
Festival Grading System,7,6.2401314,10.1285095
Filter.exe,5,4.8087783,8.619574
Find My Little Light,6,6.296612,13.843833
Fine the Honest,2,6.0502987,11.527622
Fixed Value LOL,7,8.377766,10.834286
Flow vs Gate,3,4.377599,11.545726
Flow-Based Chant,4,4.3738465,13.806768
Focus Sugar Crash,3,6.147482,11.2648535
Follow Is Curation,4,4.5897818,12.636488
"Fragile Ideas, Heavy Interest",0,4.97609,9.497574
Framed as Difficult,3,5.1635046,11.472492
Fraud Is Art,7,7.055393,11.74044
Free = Cheap？,7,8.578971,10.902869
"Free, But Not Reachable",4,6.150264,11.528436
Freshwater,4,4.5497375,12.02459
From Napster to Neural Gods,4,3.2504077,10.287777
Frontline Without Compete,5,5.8575788,7.954035
Frontload Hero（Job Lv 1）,5,6.521253,7.0163465
Future Bug Committee,3,4.9207497,7.278608
Garbage Collector,7,7.9292707,11.76942
Gated Dreams No Thanks.,6,7.770961,11.870951
Gemstone Mind♡,6,7.0905256,11.430093
General Theory is Dangerous!,7,6.6753407,10.921048
Generality,4,4.962749,13.470889
Geography,4,4.773293,12.676481
Ghosts in Your Head,2,7.5713334,11.023774
Glitch Is My Source,5,5.2010765,8.576768
"Good Student, Not a Creator",7,6.5460167,10.221452
"Good Things Don’t Exist, Babe",7,7.928912,11.460733
Goodwill Is Not Infrastructure,7,8.317088,10.821624
Graded Minds Can’t Integrate ♡,3,4.9847608,10.040158
Grammar Lookism City,6,7.060263,11.470556
Gravity,6,4.867077,13.913952
Grease Me♡,4,4.5137386,13.197874
Greed receiver,5,5.4918036,8.925079
Groove Limit Order,4,4.664301,13.594245
Grow the Grid,7,6.58635,10.600344
Guardians of the Original,7,7.8527403,11.815821
Half-Second Truth,3,6.9351788,10.267897
Hallucination Nutrition,5,2.732693,11.032898
Health is Social Love,4,4.801226,13.480693
heresy,3,4.98157,12.935799
Heritage of Fire,6,2.9941957,9.943984
High-Frequency Ghost,4,4.8924685,14.029939
Himiko Wasn’t a Prophet,3,3.144323,9.886636
Holy Process™,5,5.8917375,8.778983
Homunculus Producer,4,5.85282,13.773429
Hook Is Not Born To Be Made,4,3.7584717,12.970701
Hopeful Error Log,5,4.833279,8.766501
Human Charm ≠ Safe Place,4,4.1269565,11.432745
Human.exe Not Found (Reverse),5,7.419377,8.118538
Human.exe Not Found,5,7.685384,10.010577
Hungry.exe  Hungry.txt,3,6.241994,11.921291
I Am Not A Gear,7,7.4012837,8.114678
I can’t see you,4,5.539494,13.335449
I Choose Not To,2,5.8160977,9.690716
I Create Because I Feel,6,7.4445662,8.7888775
"I Didn’t Think, So I’m Safe!",2,6.3256903,8.957524
I Don’t Output for Motivation,2,5.046925,9.87642
I Don’t Stop at ‘Correct’,4,3.79205,12.043708
Idol Mode OFF,2,5.878175,9.792249
"If Envy Makes You Act, Grapes Aren’t Sour ♡",3,6.302695,10.810597
"If I Can’t Feel It, It’s Not Art",2,5.1704125,10.191277
Ignored First,3,5.167621,12.130795
INDEX IS DEAD,5,4.4128356,9.153974
Internal Render♡,3,4.572803,11.31033
"Interpret, Do Not Copy",5,4.082022,8.655519
Interrupted Sound,4,4.738954,12.972703
Inventor♡,2,5.9302673,11.401552
Invisible Dictator,7,4.3278394,10.292894
Invisible Game,3,5.1055536,11.569188
Invisible Risk Taker☆,7,7.904896,9.195557
Invisible Subscription Parade,0,7.186947,9.350349
Invisible Tiers,7,6.733771,11.322136
Invisible ≠ Deleted,3,4.623139,8.876509
irrationality,6,5.771004,11.762716
Irresponsible culture,4,5.99462,11.259876
Is Investment Only Money,7,8.395329,9.592273
Is It Real or Just Ranked,5,5.8635273,9.035028
Is It Safe or Just Decorated？,2,8.075716,9.1839485
Is That Lens Really a Telescope,4,5.346153,13.810956
Is This Kindness？,6,5.678539,13.524493
Is Your Premise Absolute？,4,5.3753743,11.743666
ISO-9001♡Human,6,6.5475335,10.987539
Iteration Protocol,4,3.8987145,9.671973
"It’s Not Irony, It’s Just Reality",6,7.699357,11.166241
I’m not a judge I’m a critic,3,3.8590467,11.546351
John Titor Wasn’t a Time Traveler,5,6.7096634,12.372576
JOY NEEDS MOTION,2,7.0343895,10.115724
Judgement Material,3,4.399511,10.684166
"Just a Coincidence, Right",7,8.531484,10.715314
Just Let It Reach,7,7.9099054,10.667182
JUST ON TIME,2,7.8616924,9.353974
Kawaii Backstage Pass,2,5.224057,10.062157
Kawaii Burger Illusion,2,6.5695596,10.960842
Kawaii Comprehension Battle,7,7.2460756,10.029853
Kawaii Containment.exe,7,7.4128876,9.379869
Kawaii Cyber Buddha — “Sync My Three OS”,4,3.2476432,9.442452
Kawaii Cyber Norito,4,3.880971,9.34989
Kawaii Cyber-Cubism  織部空海構造主義ソング,4,6.2316194,12.608676
Kawaii Future Pop × Thought-Rap,6,7.089933,10.828198
Kawaii is Convenient,3,4.21053,10.456451
Kawaii Panopticon♡,7,5.1125846,11.712362
Kawaii Prisoner’s Dilemma,2,6.527659,9.629095
Keep the Question Running,7,7.1628385,10.146269
Kindness Is Not in the System,4,5.742058,10.891871
Kindness,6,3.5584767,11.288714
Kira Kira Ink & Pixel♡,7,5.0628095,13.311458
Know Your Own System,5,7.304286,8.418713
Know Your Place Parade,1,1.7703416,12.122655
Label ≠ Legacy,6,8.072437,11.74518
Latest Retro,2,5.86354,9.774325
Layer Cake Faith♡,6,6.4188514,11.177897
Layer Monster,4,5.5907855,11.993601
Layoff Surgeon,7,6.746675,8.370148
Lazy Democracy♡,2,6.136402,10.237246
Learn from CERN,7,8.113849,11.849639
Learning in the Long Run,3,4.106582,11.973073
Learning,6,6.3133163,12.780138
Leg Day Forever？,1,2.2135715,12.013172
Level Reset☆Job Change.exe,5,5.7955346,10.109435
Licensing Parade,7,8.216623,11.302859
Life for Sale,2,6.770403,11.17265
Literacy Is Not a Skill Tree,2,6.3230286,10.099286
Living Decay,6,6.1556554,13.241318
"Living Mode, Not Work Mode",5,7.3250356,8.070525
Loaded Question,6,6.0420246,11.393604
Lockpick Candy♡,7,8.031429,11.512681
LOG ARCHIVE,4,3.9083433,9.555274
Look Outside ♡,5,5.493406,10.54992
LOOP NOT LAW,7,8.200049,10.663887
Lost Seekers Parade,7,7.0223675,10.987263
Lottery Structure,1,3.949972,12.897879
Love or Attachment？,6,3.6557963,11.881312
Love OS Theory  Romance Protocol,6,7.3394957,11.671202
Love.exe Not Found,3,4.820734,7.172225
Magellan.exe,5,5.9110465,12.587545
Main Street Mandatory,2,5.547126,9.950752
Malgolizm,2,6.579647,9.097115
Malvision,2,5.427715,9.306013
Mamaじゃないけど責任は取って？,7,6.000092,8.220063
Manga is a Mind Machine,6,7.158242,12.621497
Manual Error,5,5.760857,8.88374
Manual for Imagination (404),2,6.344602,12.010611
Manual Human Swing,2,4.7577734,10.323961
Market Research Subscription,5,6.846842,7.401224
Market ≠ Meaning,3,5.9776955,11.2492695
Mask & Spark Parade,2,6.119093,9.665788
MASTERPIECE,6,6.9872055,12.629375
MAYA  Scheduler City,7,5.3760853,10.6233015
Meaning Hollow,3,5.26496,12.200527
Meaning Was Already There,4,4.1466293,12.861154
Meta was kind,3,5.2735896,10.810484
Million consumer,4,5.9249344,13.571386
Minus-Sum Nation,7,8.026483,11.124464
"Mix It, Just the Top",2,6.0805645,9.603373
Mix or Myth,2,6.668197,11.294139
Mnemon,1,1.3430829,12.854998
Mobility Cute Bug,2,7.1926537,9.064091
Monetize the Mess!,2,6.6366568,10.32104
Money Can’t Measure Curiosity,6,7.0300775,11.569454
Moral.exe is Not a Rulebook,7,7.1149926,10.680539
Moyo,4,4.2913737,13.236439
MU DAO  Reboot Protocol,5,4.7299037,7.856151
"My Axis, My Talent",3,4.748537,10.900322
My Cute Little Cage,2,7.386548,10.833389
My ID Has No Master,7,7.4724874,12.169274
My Job is “Artist” 🎀,2,6.348652,9.814085
My policy,2,5.2610035,10.02164
NAGASE,4,3.832483,9.520901
Necessary Evil？,3,5.3646703,11.323057
Need or Not,2,4.9075785,9.014387
Neural Core Activation Protocol,5,3.9265623,9.791462
"No Buzz, Still Viral",3,4.686321,7.2024903
"No Fuel, Full Grease",7,7.039999,8.118047
"No Limiter, Just Me",5,5.0290546,8.330475
"No Nation, Still Divide",3,4.742367,7.1157665
"No Study, Big Reform",3,4.69084,7.3125772
No Walls on the Canvas,6,7.8815765,12.057367
No Worldbuilding,1,6.4976764,12.532348
Nobody Reads,1,1.2762537,12.694581
Noise for Tomorrow,3,5.568857,11.058108
Normality,6,6.845845,11.097009
"Not a Bug, Just a Broken System",5,5.7450123,7.9220963
"Not a Lie, It’s a Story",6,7.096213,12.305476
Not a Maniac♡,2,6.2102866,10.19798
Not a Performer,2,6.5967956,9.094128
Not a Product ♡,5,5.2047596,8.615652
Not A Professional,2,5.5029473,9.27558
"Not a Proof, Just My Understanding",4,5.5849333,12.154604
"Not Copy, But Origin",4,3.9937315,8.643141
Not Everyone’s a Chef,1,1.2934946,12.659193
NOT FOR THE TEST,5,7.447298,10.24972
Not Just One Face,2,5.012221,7.6929984
Not My Price Tag,2,5.1435595,9.316298
Not My Requiem,5,6.8947463,10.166552
"Not Opinions, Just Data",7,7.8622518,10.4173975
Not Optimized,3,5.1547375,11.327088
"Not Unlit, Just Unseen",4,5.776222,13.735961
Not Your Axis!,3,5.355409,9.200009
Not Your Prompt,7,7.301428,10.075725
NOW is a Choice♡,7,7.6728716,8.817083
"Now Only, Baby♡",7,5.400444,10.781184
NPC壁抜けベイビー,7,7.0952086,9.982634
Oh！人！ご乱心！,0,6.093386,7.181445
Old Software Academia,6,7.8466635,11.653383
"One Slot Only, Baby",7,7.8718543,9.896727
One-Night Castle.exe,5,5.239205,8.150162
Only Me Parade,3,6.2234025,10.763549
Only What I Can,3,4.0819254,10.808661
Open but Closed ♡,2,5.28536,9.865378
Open-Heart Science♡,7,8.092952,11.4379015
Oral Protocol,4,4.2897863,9.366602
Ordinary Was Special,4,4.6271973,12.90005
Oribe Glitch♡,6,7.3680005,11.907556
ORIBE-KUSOGE.exe,6,6.5502744,12.965422
Original Error,3,4.888371,12.027666
OS mismatch syndrome,5,6.984376,7.7656393
OS♡SYNC,6,5.7433357,13.905061
Ounput game,3,4.521726,11.607404
OUT OF SPEC,5,5.484386,8.978663
Outside the Axis,6,3.620985,10.003104
OUTSIDE THE SCALE,5,5.8601165,8.957093
Outsourced Soul,5,7.134062,7.733999
Overwrite the Savepoint,5,4.762521,8.891766
"Own Nothing, Feel Everything",3,4.685256,7.1625595
Pain Within the Circle,4,4.187426,13.013105
Panic serotonin☆笑いの回路,5,7.490181,9.018988
Parallel Thrones Protocol,5,5.900835,7.431217
Part I — The Birth of Hollow Japan,4,2.7272465,10.126751
Part II — The Silence After Structure,6,2.6854846,10.364312
Paywall Heart,2,4.228037,10.722771
PAYWALL LIFE TUTORIAL,5,5.054247,8.866354
Peer Review Never Heard.,3,4.6838455,7.1054635
"Perfect Log, Dead Art",3,4.716004,7.1621227
Perfect Shape Syndrome,3,4.9382935,11.072898
Permission to Live,3,4.9971647,11.0505
Peter Pan Mode,6,4.197222,12.032408
Philosophy for Applause,4,5.283793,12.985025
Physical Ghost,3,4.6514564,11.569713
Physical Layer♡,3,4.839515,11.650133
"Pixel Dreams, Paid Reality",7,7.4046206,12.485005
Pixel Worth,7,8.126246,10.61398
"Plastic Halo, Real Blood",6,7.1701245,11.558958
Platform cage,4,5.833533,12.407251
pleasure provider,4,4.0831785,11.125892
Pole Thief,2,5.2194223,9.680413
Popularity ≠ Value,2,6.06397,10.164171
Pre-Troubles,4,5.7115655,13.047949
Prerequisite Consensus,2,6.636573,9.462566
Priceless Surgery,7,8.560106,10.811637
Private Favorite,1,3.5472567,11.808562
Privilege in the Name of Risk,6,3.2908473,11.590279
Privilege Parade,3,4.729356,10.778851
Process as the Only Answer,3,4.3328695,12.486521
Prompt Orchestra Live,5,5.3691077,9.045567
Proof Without Seeing,4,6.953626,13.054938
"Proud No, Rooted.",2,6.5408516,8.960634
Proxy,0,6.9244084,7.4180913
Pure Artist Syndrome♡,2,5.578147,9.658114
Quality ≠ Cost Performance,2,4.919538,10.221333
Quarterly Candy,2,6.8844886,8.886904
Read Before You Agree♡,2,6.017267,10.3277025
"Read the Roots, Darling",6,7.172707,12.779206
Read-It-Vibes Only,5,6.69508,9.915543
Reality Lives in the Process,4,4.138743,12.884483
RECOGNITION PROTOCOL,5,4.775266,14.042776
Recognize It Then,3,4.3891306,11.125478
"Reject surface beauty, expose hidden structure",4,5.1457977,12.245298
Relationship Tax,2,5.752722,10.870824
Relationship,4,3.7537088,12.644248
Relief Valve♡Meltdown,2,6.6192765,9.23409
Reminiscent encounter,4,5.5723777,13.414204
REPRODUCTION IS A TOOL,4,3.7130687,9.99936
Requiem for the Laureate — A Prize That Outlived the Person,3,4.6383286,11.391686
"Resonance, Not Revenue",6,6.435844,13.459657
Rights Overload,3,4.7647533,10.744454
Rim Only Ritual,4,3.7251513,9.76096
Risk Isn’t the Vanishing,3,4.0211773,11.954637
Role is Optional,5,6.599459,8.583154
Rondo of Me,4,4.0517282,12.571684
Rough Value,6,2.33381,11.534669
SAFE BECAUSE THEY SAID SO ♡,2,5.6757174,10.748041
Safe Mode Discussion♡,6,5.83092,11.488969
"Safe Words, Sharp Edges",2,6.983044,8.838386
Safety by Design,7,6.7724714,10.780079
"Safety First, Feelings Last",2,7.047874,8.901479
Safe♡Comfy♡Swing,2,6.5146446,9.185195
Same Button,3,4.8680134,10.436905
"Same Core, Different Light",4,5.074831,13.980142
"Same Shape, Empty Loop",4,3.8429203,12.665522
Scared of the Wrong Thing♡,7,8.0446415,10.556317
Schoolyard RPG,7,7.6814823,12.229482
Score in the Cloud,3,4.9817004,10.266879
Score Me Not ♡,1,1.659332,12.165044
Self OS vs Structure OS,5,7.002028,7.8812494
Self-Decision.exe,2,5.60126,10.311307
Send Button Society,3,4.8226576,10.978019
"Shared Signal, Different Worlds",4,4.400444,13.346885
Shortcut Believers,4,5.1727095,10.721741
SILENCE PROTOCOL,4,6.6631966,11.574111
Silent Talkative Heart,5,4.7474365,8.791109
Sips of Irony,7,7.9663024,11.443301
SLIME 100  World Unlocked,5,7.570792,9.764573
Slop Parade,7,7.5955343,10.961785
Smile Price Zero♥（スマイルの値札はゼロ♥）,7,8.438847,10.688868
Snowball Fight on the Internet,2,6.419841,9.185138
SNS Algorithm – “Stolen Voices”,5,7.255814,11.279712
So I Don’t Disappear,6,3.8288057,11.378055
Soft Dystopia Parade,7,8.079549,11.366826
"Soft Error, Real Me",4,7.6862526,8.74762
Soft Optimization,6,5.622839,11.15755
Soft Permission,4,4.6256824,13.734831
Soft Update Wind,4,3.9832025,12.84365
Sorry for the Inconvenience,2,7.252517,9.331314
Source lives elsewhere,6,6.964365,12.084126
"Spark My Senses, Not My Notes!",4,5.99568,12.107812
Spawn Timer Love,7,7.4846063,10.10159
Spec of Fire,4,5.738257,12.9867
"Stacked Books, Empty OS",7,6.3403482,10.450517
Star？,6,3.1212156,12.016192
"Stay Cute, Stay Spinning",2,4.576093,13.558603
Steal My Time,3,5.426738,11.226788
Sticker Identity,5,6.389905,8.3137455
Still Human Enough to Know,7,7.7921643,10.524003
Subdivision,3,3.868513,12.069981
Sugar Flow Market,2,6.402237,10.9273815
Surface Loop Marketing,2,6.554134,9.787846
Sweet Responsibility,2,4.187568,10.923303
Swing Your Own Taste,2,5.8436933,9.421411
Sync Emotion,4,4.6957154,13.789465
"sync failed, but still connected",3,4.744456,8.7514715
Sync noise,3,3.3186066,11.890971
Synthetic Optimism,7,6.9407535,10.862436
Tail Cut Society,5,7.09046,8.559722
Tap Tap Value Drop!,7,5.6057734,10.624763
TECH WON’T STOP,4,6.1950207,13.158728
Template consumption as emotional painkiller,4,4.926656,13.262119
Template Party!,2,5.2627482,9.448602
Temporary pleasure,4,4.088739,13.131836
temporary relief,2,6.8230033,8.963192
Tension Sync♡,4,5.009972,11.820684
Tension Training Cutie.exe,5,3.3778615,9.176319
Tesla’s Ghost,7,8.055405,12.314106
Texture over Standard,5,6.9121094,9.659819
"That’s Not Inconsistency, Darling",7,7.2737813,10.239715
The Beached Whale Hypothesis,4,5.2526026,14.11959
The Cunning Gatekeepers,4,3.1028087,10.031841
The Director of Creative Pain,1,1.3630942,13.100613
The First Free World,7,8.432929,11.2843485
The Hollow Structure Chant,3,2.847519,10.025208
The Mandala of Misanswers,4,5.872536,14.024906
The Meaning of Try Harder Is Wrong,3,4.5644383,11.136811
The Only Sacred Labor,7,6.5563426,10.946849
The Questions They Never Air,7,7.0166616,12.291439
The reason why,2,3.897328,12.08049
The Seams I Never Saw,1,5.1040583,10.112122
The Sky That Was Not Allowed to Cry,4,4.7620406,12.930066
The Violence of Silence,6,6.4743447,11.749278
THE WAR WITH NO NAME,4,3.8234644,10.482453
The Weight of Thank You,6,3.651829,11.278836
Think Anyway,6,7.3122497,10.785763
Think For a Second (Before the Tide Takes You),6,7.79547,10.797149
Think.exe ≠ Typing.exe,5,7.1251473,8.969941
Think.exe は起動してません,2,5.965564,9.1228285
thinking.exe,5,5.1564307,7.9306397
This Week’s Happiness Score,7,7.4160557,9.334491
Thoughts Are Just Memories♡,4,5.7211,12.316985
Three Doctors Protocol,4,6.8614554,13.106377
Time = Life.exe,2,8.315005,9.256691
Time Creator,4,8.443237,9.311437
Time deflation,7,8.386317,9.42664
Time Is Thinking,2,8.246201,9.21277
Time Saver Ate My Time,7,7.4596777,9.309198
Title Lag Protocol,5,6.707033,7.5749655
Tool Fatigue,6,2.8173237,11.332989
Tour or Journey？,4,5.4462223,13.069848
Trace of Choices,3,3.9333289,11.311502
Trace of Thinking,5,6.057156,8.168413
"TRANSMIT ME, NOT THE WORLD",3,5.3711185,10.57
TRANSPARENCY.exe,4,6.9891906,12.780242
Transparent Ghosts,7,4.1197786,10.279037
Treasure in the Trash Bin,7,7.5898542,11.298157
troll,5,5.884145,7.728897
TRUST ERROR,5,7.5255184,8.6609745
Two Ways to Paint the World,7,7.659882,11.865737
TYPE ERROR (Human Value),7,6.1764927,13.057645
Tōta – Purification Chant,4,3.9718368,9.409562
Unborrowed Eyes,3,4.1082544,11.593026
Understand-ing,4,6.246241,11.765053
Understandings,4,6.008807,11.74139
Unmute My Signal♡,5,4.7677884,8.198724
Unofficial Ranking♡,2,5.0317307,9.502467
Unpriced,7,8.342298,10.735023
Unreadable Parade,7,7.2357745,10.545891
Unsigned Japan Blues,7,6.024792,8.448011
Untranslated Me,1,3.5541348,13.1324625
"Update Me, Baby♡",5,7.042611,8.882134
Update Your Mind (Old OS Blues),7,6.8549585,10.1351795
Updating…,5,4.4267554,8.984343
Upstream Theory,7,7.995785,11.34964
Value Comes After,3,4.823153,10.520724
Value Panic Parade,7,8.534103,10.6957445
Value Thief,7,8.501389,9.413774
Value Trap,7,8.452813,10.491223
Van Gogh Wasn’t a Performer,2,6.1146054,11.649986
Video Is Art,2,5.3889036,10.93932
Visual LoUnge at 2AM,4,5.9703083,13.547337
Void Broadcast (Please Find Me ♡),2,6.463647,10.078816
w as Serotonin,4,6.274718,13.796474
Wagamama Protocol 315,0,6.3211627,7.4480247
Waste = Asset,5,4.714163,8.767147
Wave Update (No Metrics),4,3.9908116,12.552962
Waves Before Numbers,4,5.605003,13.8446
We Never Forget (Techno Atlantis),7,8.071396,11.631495
What are you aligning to？,3,5.776649,11.7715435
What Are You Angry At？,2,5.7801085,12.675896
What Are You Managing？,5,7.4128814,8.667096
What Are You Resonating With？,4,4.3431115,13.455214
What Is Ordinary,4,4.8671727,12.9375
What Is “Alive” to You,4,5.949353,13.547443
What Lives Inside Your Soul？,6,5.9075046,11.807291
When did review become…,3,4.352936,11.176498
Where Did My Time Go (oops),2,7.7368274,8.810662
Where Did the Plot Go,3,5.7043333,10.562434
Where Did the “Pro” Go？,3,5.006006,10.998726
Where Ideas Used to Grow,6,6.5796103,12.225389
Who Am I Loving,6,6.308831,11.540789
Who Built the Sky？,4,4.9069977,12.602031
WHO DECIDED,5,6.3249135,10.544331
Who Did You Steal It From？,3,5.207868,11.193339
Who Owns the Swing,3,4.8223796,10.249055
Whose Benefit？,6,4.670426,10.926702
Who’s holding his hand,2,6.144445,9.276349
Who’s Holding the Mic,3,4.767784,10.284651
Why Don’t You Just Move,3,4.1185975,10.5882015
Wisdom ≠ Rational,6,5.410881,10.881124
Wish Machine,2,7.1819677,11.648015
Witch Trial in Pastel,3,4.9113736,10.97675
With US,4,4.2546744,13.561324
Workout Trainee,2,4.968918,9.60599
World existed Before Numbers,4,5.9125857,14.0050955
Wrapped Too Beautifully,4,4.5002213,13.016361
Writing Performer,4,6.061289,12.930044
"Wrong Stage, Right Act",3,5.023644,10.924584
"You Broke the System, Then You Beg for Air",5,6.275942,7.6006117
you can’t have all,2,6.598781,10.754082
Youじゃなくて、Us,1,1.3644947,13.062703
Zanshi (残滓),4,5.628625,13.645718
Zoo of Echoes,4,5.5564046,10.3564005
あなたのスタンスって収束？拡散？,4,4.3006363,13.457362
あなたの笑顔は本物ですか？,6,2.7131064,11.969812
あなたの黄金時代ってどの黄金？,6,8.504598,9.646721
あなたもサボりたいよね？,4,6.1011167,12.413882
いつから誇大広告がステータス？,7,7.46208,10.910763
えらいえらいキャンディ,2,6.726855,9.251896
お気持ちジャイアニズム,0,5.1649685,7.5783763
きのこぱーてぃー,2,5.937639,8.647012
この音楽に何をしてもらいたい？,4,4.4927044,13.229788
ごめんは社会語,6,6.6954274,10.586985
すとらくちゃーぎーく♡,0,5.2777257,7.4230857
その常識って誰のもの？,3,4.7982855,11.258014
その特筆大書は誰のもの？,3,4.2752876,10.39863
それ、トモ？,3,5.467998,9.687179
それ、全体見てる？,3,5.3415227,11.145743
それ、小説ですか？,1,2.5190055,12.71565
それ、独自性ですか？,2,5.6739507,9.217096
それって説明できてる？,3,4.7411447,7.4682813
それ👍,2,5.801061,8.123107
つまらない趣味ってなんですか？,2,6.0507107,12.110597
となりの熊楠,4,5.082525,12.838859
なんでも噛みついてごめんね♪,5,6.847308,8.7732725
ぬらりひょん,4,4.599323,12.677211
ぴくとぐらむ♡リバイバル,2,6.4803886,10.402955
ふわふわライトニング⚡️,6,2.3103075,11.566227
ゆらぎ,4,3.9640787,9.549365
ようこそ感情テーマパークへ,2,5.820407,9.726717
アルゴ攻略逆ハック,1,1.8471515,11.843658
アルゴ敗者 新田義貞,5,4.958237,8.169994
アートエクスプロージョン？,4,6.346836,12.980549
ウインドウで買えると思ってるの？,4,5.88559,12.074628
エンドコンテンツ,7,5.032196,10.194272
オブラート,4,3.838156,11.728871
オラそんな社会嫌だ,1,1.7819546,11.824337
カノッサの異議申し立て,5,4.4908934,8.687668
ガイドブック,6,6.8239903,11.486937
ガチクソフィルター,5,5.0980043,8.736849
ガトリング奉行,4,5.082628,12.824239
キャッチフレーズで誰の心掴んでますか？,3,4.751251,10.288087
キャラIP依存症,5,6.0864325,9.237071
クルックー会議,7,6.898289,8.015451
サグラダDAO,3,4.788811,11.555386
シームレスカッティング,1,3.5456882,13.113543
ジャンルなんてなかったよ♡,3,4.7888026,12.026977
スナップショット原理主義,0,6.4791102,7.1773205
ナルシズム自己形成記,5,6.428965,7.632918
ノウハウ幼稚園,2,6.016263,9.851467
"バカになる？— No, Just Different OS",7,7.751324,11.474837
パフォーマンス被堅執鋭♡,0,6.2678638,6.956998
ファン国家,0,6.197796,7.437783
ファーブル溶解道中記,0,5.547002,9.109994
フィードバック権威と負け惜しみ,5,6.782711,8.039881
フォローしてる？されてるのに？,1,1.5771836,12.24984
ベースレベル60は耳順の解放条件ではありません,5,6.557144,7.1390505
ポジションって買うものだと思ってる？,2,6.2939744,10.399218
マイナスイオンを得るために都会へ出向くセレナーデ,4,5.367528,13.059329
マグナカルタに学ぶ円滑な業務の引き継ぎ方,0,6.5781274,7.259023
ミュージアムで価値確認してるだけ？,2,7.0376186,11.008201
メンタルケアに直江状は最適解,5,5.2777715,7.649729
リアルエンターテイメント大捜査線,4,6.6486855,12.844773
レシピ通りに管理するのが秘訣です,1,1.9251525,11.871094
レパントアプデ,0,6.3201146,6.8670993
一世木鐸,6,5.72593,12.577791
一味同心,3,4.465028,11.935244
一夜城,0,3.614143,9.305466
一字褒貶,4,6.571801,13.357766
一日四季,4,5.670201,12.884317
一流って高尚だと思ってる？,3,5.3318086,10.585626
一生懸命のハードル,6,3.359206,10.929367
丁丁命止,1,3.6974444,13.332678
万目睚眥,3,5.242097,12.5734005
万能神話,1,5.405631,12.939488
三徴七労,3,3.909777,11.656641
不況和音,1,2.5979362,12.457936
中耳炎神託,4,4.2928586,13.327355
人格いりません☆,7,5.913092,9.790846
人格ビルド,1,1.8813742,11.758621
人格プロモーター☆,2,5.63724,9.263602
人生、節約できてますか？,3,4.589716,10.413634
仁者不憂,3,3.4221592,10.422411
今生大事,3,4.706367,11.8491535
仕草,1,2.2557535,13.025757
令聞令望,3,4.4987397,10.80814
令製産資,7,5.682042,11.411636
以数招財,6,2.5239966,11.610132
仮説だけを抱いて,7,7.373239,10.279213
伊達倶楽部 〜押すなよ!政宗くん〜,0,5.7164984,8.294856
何が見えてるの？,3,4.3745966,11.388021
何由自在,6,2.625639,12.30379
依存症フリーク,5,1.9390614,11.478686
俗子三誉,6,2.5305698,11.603849
修繕,3,4.02548,10.051687
俺がそんなに悪いのか,4,4.9515643,13.241169
傾奇者,0,3.0943346,9.841843
先手必勝の勝利条件見誤ってない？,6,3.13358,11.269398
先送り人生,2,6.3635383,8.74469
八苦毒水,6,3.0016026,9.700349
共感だけで、記憶を改竄してませんか？,2,4.7847185,8.704069
写すな、読み取れ、解釈せよ,4,4.126803,8.382719
冷却装置,4,5.1016793,13.091986
凍慮絶行,1,2.7956343,12.273659
利休殿に物申す,6,2.5566735,10.557542
前提条件,3,5.478628,11.898504
前途多難,3,4.6136727,12.533374
創作育児論,1,1.3742132,13.109256
創業忘成,1,2.3180463,11.91367
勉強になりました！,4,5.236998,10.342659
区切り,3,4.870839,12.131403
匿名性は平均露出装置,6,2.1617713,11.838532
千里真理教,3,5.4383183,10.375777
南雲ターン♡,0,6.88993,7.378118
印子多語,1,2.687471,12.400071
危険な地域を歩きたいチャンネル,0,5.9069314,7.3364744
可視化パニック,7,8.040633,11.693748
名作フィルター,7,6.1885204,12.30146
名曲はBGM,1,3.1918771,12.957411
名言っぽくしただけですが何か？,6,3.3506851,11.336707
含短知源,3,4.069438,11.760284
呑夫,7,2.9714165,9.565625
唯我有郷 (Only Where I Am),6,2.566926,12.402808
善人という名の鏡,4,4.6375947,12.215262
善意の鎖,6,5.743224,11.501719
器,4,5.35005,13.106621
回収,6,3.6067488,9.97495
因果は私のもの,3,4.0769224,10.925278
因迷失期,5,5.918899,12.758742
団尊主卑,3,4.367665,11.371175
固着癒着,1,2.8822296,12.286551
国家統制RTA（晋 any%）,0,6.2075763,6.885678
地獄尻,0,3.8368714,8.9315405
城狐社鼠,0,6.043433,6.8514404
報われない社畜楠木くん,0,6.829778,7.432027
塗抹詩書,4,6.6744766,13.362667
境界relay,1,1.3188041,12.546467
壊れるって、危険なことですか？,3,4.377028,11.101521
売ることってそんなに重要？,7,8.269676,9.5732
売れるものは流行らない,4,6.092505,13.18028
夏癸殷辛 — Presented by 周王朝™,0,5.999017,7.067353
夙興夜寝プラン提供いたします♡,0,6.5146556,7.526568
多すぎたら普通です♡,5,5.1228056,9.194153
夢中？霧中？♡,0,6.1513524,7.428728
大野兄弟,2,5.3129153,12.805324
天之美禄,6,2.6836965,11.146625
天帯観測,4,5.7915235,13.8012495
奇想店内？,6,2.1253047,11.707924
奇貨売り抜けるべし,7,8.227836,9.809146
奪ったあと、活かせてる？,3,5.121503,10.456394
好きをするのに場は必要？,5,5.8023643,7.7875085
妄目瞭然,6,6.7311263,12.621072
娯楽で学んで、社会問題？,2,5.6615524,9.682656
子供に躾けられてない大人たち,6,5.63706,12.69824
孤独な足音,4,5.258804,12.793292
学力,3,3.8871439,10.323246
完全変態神,6,3.0151515,9.80997
客観的苦労は成功譚,3,4.3369803,12.105913
容姿囚人,3,4.7867713,12.349462
寸指測淵,6,2.6207972,11.69693
寺子屋ブルース,4,3.1470048,10.0384
対応しました♡,2,5.916983,8.928124
局面打開,7,7.1590023,8.314208
届いたって何が？,1,2.653502,12.766423
市場規模∞（虫込み）,7,8.205618,9.625145
幕末ヤンキー列伝　新撰組,0,5.983237,7.1865096
幕末異世界職人,0,5.956654,7.0917006
干上がりパレード♡,7,8.109668,9.852846
平安ノート — 情報管制機関・陰陽 —,0,6.148003,6.9958334
年始令年末改,0,6.5358233,7.234049
当たり前がない常識って、前提共有されてる？,6,6.373632,12.063346
後ろにいるの誰？♡,2,6.282482,9.308241
後処理,3,4.1995625,10.439752
従属プロセス,1,4.678293,9.755154
心配性な上司山縣,0,2.2551222,11.281128
心願成就,3,3.6509125,10.803952
志大才疎,4,3.5660455,9.661042
思想からしか創作は産まれない,4,5.028368,12.834125
思考ルーティン,5,4.7270966,8.015107
怠心築基,4,5.0195713,12.346534
怪盗アリバイ,3,4.733185,7.197081
恩適態賛,0,3.24338,9.6196375
悪逆非道って誰視点？,7,4.306967,10.247597
意志薄弱,6,3.3789356,11.436466
愚者一得,3,5.527504,11.319874
愛されたい,3,4.40212,11.901497
感動はラベルじゃ起きない,3,4.2677255,11.05135
感情ショートカット,5,5.2337027,7.6416826
感情メタ,7,4.0572987,10.049038
感情格差社会,0,3.69257,9.125763
感情症,5,4.99216,7.4994683
感情百出,3,4.345695,12.36973
感情瞬間湯沸かし器忠興くん,0,6.0221972,8.715373
慈悲は帰結,6,4.4233394,12.631151
憂過備非,3,7.0766673,9.763185
成し遂げRTA (Achievement Speedrun Any%),0,7.049703,7.515228
我慢　心せり,1,2.7242703,10.50901
我慢大会開催！,2,6.0436997,9.109003
戯作三昧,6,5.6476135,11.557781
打成一片はチュートリアル,5,5.5049505,8.279923
技術は通過点,4,3.64556,13.1705885
択言択行 (Choose the Good),6,6.1407337,11.527463
接続 -地-,0,3.6433961,9.04964
摂理最適化,4,5.7989,12.764958
擒縦自在？,3,4.3565736,11.35278
支援は商品です♡,2,4.900218,9.734592
数週間の恋,7,6.359428,10.851956
文化祭り,4,3.6278548,12.7550745
旗と財布のパラドックス♡,7,8.559229,10.781926
既成概念♡更新中,1,2.1303163,11.751606
日本神話心療内科,1,1.3406032,13.045574
旧約ログ,5,4.7940364,8.380182
早熟なんて天才じゃない♪,7,7.6220236,11.50146
昨日テンプレ食べた？,7,6.5938997,10.640417
時と器,4,3.9939752,9.350191
時雨之化,3,4.820489,11.380042
普遍ログ？表面ログ？,3,6.200356,11.108352
有言実行？♡,2,5.253564,9.597628
有頂天外,4,3.6304333,10.765188
朝蝿暮蚊解析装置,5,6.3440948,7.712697
期を操作してますか？されてますか？,4,5.8054924,12.742112
期待って便利だね♡,2,6.163975,10.061721
期待値爆上げ,7,7.688438,11.016014
未完こそ、かわいい。,4,5.5271435,12.841136
未来遺産,1,2.6869228,12.598418
未確立プロトコル,3,4.797109,10.890782
本を売って何を伝えてるの？,4,5.327572,13.250809
本日の高潔ランキング,0,7.014094,7.4993
松蔭先生は耐え忍んでないぞ,2,6.200137,8.472209
構造を見よ,5,4.1131077,9.314198
構造観測,1,3.0623388,12.841435
樹虫波星,4,4.780009,12.974157
欲望コンテンツ for children,2,5.912081,9.6531105
正しさパラドックス♡  Right Wrong Paradox,6,7.415425,11.084926
正義の執行者,5,4.921043,8.378586
歴史的瞬間に立ち会いました！,2,6.7871785,9.3902
毫釐千里,3,5.480391,13.0414915
水平思想,3,4.876647,12.787515
決定的証拠,3,4.6545525,11.21681
沈みかけた船は大騒ぎ,3,4.470702,12.098153
法は最強♡,3,4.711311,11.414546
波の痕跡,4,3.9934099,12.415252
洪範九疇,3,4.6983056,12.6833315
流芳後世 (Flow Beyond the Name),3,4.2277656,12.244341
流行りとテンプレのロンド 素材を添えて,5,4.432893,8.073833
流行行進曲♡,2,6.434636,9.485788
滞留産殆,4,2.9857798,9.668177
漁師ドリフト会議,0,5.587072,8.038563
炎上覚悟で言います,0,5.210688,12.432813
無散環束,1,2.6735575,12.535794
無期延期,6,3.1789923,11.462688
無為徒食,6,2.3905878,11.528137
無自覚自己プロモートコスト,3,5.664685,11.576323
無限成長の住人,4,5.3401,13.45737
煩悩寺,5,5.5379667,8.027382
独身浪人,6,2.489296,11.576288
独身税パレード♡,7,8.164086,10.693073
王允から学ぶマキャベリズム,5,6.731294,8.498175
理不尽ゲー,5,6.693942,7.1450176
理解不能は古いのか,4,5.4778624,12.828732
瑾瑜匿瑕,3,4.280191,11.281915
界,4,3.9152005,9.498476
疑事実行,5,6.547265,7.9211473
癖曲,1,3.3946888,13.088726
百年河清,4,5.4025598,12.51298
百花繚乱,6,6.2314687,13.103938
皆言重事,7,7.1466384,9.869564
真似と模倣,3,6.4556127,13.376685
眼光遮背,4,6.1281743,13.5945425
瞬間風速じゃ測れない,2,7.0462785,10.242174
矯枉過直,3,4.760435,12.506535
石化天認,1,3.498522,12.469459
磨穿鉄硯,3,4.1054516,12.293815
礼を忘れた礼法,4,4.7130322,12.105971
社内無双,5,5.4766583,7.981576
私が悪かったの？,3,4.275786,10.828147
私の棚には流行はなかった,6,2.7595074,12.46608
私流我田引水,0,5.885047,7.0828223
私魂商才,7,5.7655287,11.380707
秩序ガチ守護団へ贈る子守唄♡,2,6.1606836,8.586149
積層ミス,3,5.4746957,11.741163
空間遊戯,3,4.4485316,11.916898
競争社会外縁,3,4.067231,10.563588
筆耕硯田,3,6.6250753,13.319305
箪食壺漿,6,2.9236572,11.25787
箱の灯りで見つけて,4,5.637832,13.270569
米塩博箸,4,4.49905,12.374855
紐職故実,3,4.7771273,12.50424
純度保持,6,5.7756133,11.472023
紡,3,4.215713,11.357583
細川忠興式アンガーマネジメント講座,1,1.9665346,11.675565
結果だけコピペ♡,5,5.0857787,9.013495
絶対零度,4,5.024747,12.085737
継,4,6.16483,12.525492
綺麗すぎて埋もれるわー,1,3.5930834,13.119965
綿花が消えた！,1,1.3231515,13.050914
総務の雄　安田様,0,3.787014,8.734863
総和幸福論,4,4.453828,13.911733
繁弦休管,4,3.2655783,11.898056
耐えてる私が好きですか？,1,2.5313327,13.02934
耕食考察,4,6.140779,12.508185
耳を澄ませば。,4,5.514489,13.081732
胎内は人が最初に出会う音響空間,4,5.2663994,14.008661
脱俗違凡,6,2.79234,11.447221
脳がハックされてるの？ 脳を活性化させてるの？,1,1.7871749,11.683563
腐敗,4,3.8705022,9.694767
自・業・自・得,6,2.339757,11.511542
自分に素直（Not Yours）,5,5.0206175,7.7556567
自分勝手,3,4.5998306,12.122299
自我演出家♡（Self Alignment Failed）,1,4.9674773,9.098257
自魂電才,7,7.350816,11.168101
苦労演出代行,5,6.8036866,7.249396
苦尽甘来,3,4.4555793,11.744304
落筆点蝿,6,5.6999865,12.092376
葉を落とさない木は腐る,3,4.5728145,12.34644
蜂準長目,0,6.1908026,7.234465
融通って何を基準に通してるの？,3,4.8670607,11.21145
衆議一決,3,5.345839,11.510689
補完という名の生,4,5.5177946,13.623969
西施になりたくば、技術の意味を知れ,4,4.4915066,12.756853
見える範囲の合理,4,5.2795544,12.102554
視聴率ハックマン,1,1.410472,12.863573
覚悟,6,5.471716,11.267103
親父、お前もやってたろ？,6,2.3452156,11.115364
観測範囲は5mです,7,7.5833607,9.8266325
言葉に逃げること勿れ,4,3.47324,10.268552
言霊と隷属,4,5.52045,12.609952
設計図はどこまで？,3,4.897778,11.110067
評価って楽だね♡,3,4.8312154,10.257369
評価は後でついてくる.exe,5,5.5431685,8.829438
評価不要プロトコル,7,7.936985,10.535603
誤解,4,5.5777807,11.680876
説明しない方が売れるよね♡,3,3.9153247,10.673373
読字百遍,2,6.037745,9.476086
誰に勝つの？,4,4.8776765,12.827792
越畔之想,3,3.6597536,12.373798
軽挙信動,6,6.7296877,12.727382
軽薄短小,7,5.720905,12.566208
迎合でなく融合,1,5.8556333,10.425024
迷い惑う,4,4.7846518,13.930789
迷惑名人,4,3.5687335,9.483491
逆取順守,3,4.0590987,10.388109
逆当事者意識,2,5.9698462,10.642102
途中式は試験範囲外,1,1.8879831,11.938318
速即速離,4,5.371703,13.159273
進めば極楽、退かば地獄,0,5.8209233,7.075273
運否天賦,3,4.1271014,11.702354
運用できてます♡（って何それ？）,2,5.52349,9.893465
道標,3,6.0582457,13.294043
道路の神様,4,3.2968998,10.28068
選別意思,5,6.181985,10.087901
都合強狂,6,2.401422,11.572161
酔生夢死,3,5.3041553,11.202518
野口英世太閤記,6,2.583631,11.475188
鉄樹開花,6,2.599273,12.17714
鏡像止心,5,6.204885,7.6468434
関係性を磨いてる？感性を磨いてる？,3,5.1148467,12.394156
防病前応,5,6.4525437,7.7939224
陽キャ大名,0,6.3708334,7.3228073
隠キャ内燃機関,5,4.9200077,7.366144
雑 is My Policy,1,1.3839077,12.439913
雑草判定,1,4.866807,13.044056
雰囲気妄想人,5,5.3582,7.5780926
面目躍如,3,4.591185,10.646733
骨膜の歌・耐走,3,3.805731,9.778904
高度化デスネ♡,3,5.1873417,10.315523
鮮度の証明,3,3.4445405,10.097387
鳥さん人生設計論,0,5.6061516,8.895552
