id,title,author,year,source_type,language,source,url,path,chars,text
japan_constitution_1947,日本国憲法,Japan,1947,constitution,ja,e-Gov,https://laws.e-gov.go.jp/law/321CONSTITUTION,D:\ThoughtMap\data\legal_texts\japan_constitution_1947.txt,10,"TITLE: 日本国憲法
AUTHOR: Japan
YEAR: 1947
SOURCE_TYPE: constitution
SOURCE: e-Gov
URL: https://laws.e-gov.go.jp/law/321CONSTITUTION

e-Gov 法令検索"
meiji_constitution_1889,大日本帝国憲法,Empire of Japan,1889,constitution,ja,Wikisource,https://ja.wikisource.org/wiki/大日本帝國憲法,D:\ThoughtMap\data\legal_texts\meiji_constitution_1889.txt,14543,"TITLE: 大日本帝国憲法
AUTHOR: Empire of Japan
YEAR: 1889
SOURCE_TYPE: constitution
SOURCE: Wikisource
URL: https://ja.wikisource.org/wiki/大日本帝國憲法

大日本帝國憲法

第一章　天皇

第一條

大日本帝國ハ萬世一系ノ天皇之ヲ統治ス

第二條

皇位ハ皇室典範ノ定ムル所ニ依リ皇男子孫之ヲ繼承ス

第三條

天皇ハ神聖ニシテ侵スヘカラス

第四條

天皇ハ國ノ元首ニシテ統治權ヲ總攬シ此ノ憲法ノ條規ニ依リ之ヲ行フ

第五條

天皇ハ帝國議會ノ協贊ヲ以テ立法權ヲ行フ

第六條

天皇ハ法律ヲ裁可シ其ノ公布及執行ヲ命ス

第七條

天皇ハ帝國議會ヲ召集シ其ノ開會閉會停會及衆議院ノ解散ヲ命ス

第八條

天皇ハ公共ノ安全ヲ保持シ又ハ其ノ災厄ヲ避クル爲緊急ノ必要ニ由リ帝國議會閉會ノ場合ニ於テ法律ニ代ルヘキ勅令ヲ發ス

此ノ勅令ハ次ノ會期ニ於テ帝國議會ニ提出スヘシ若議會ニ於テ承諾セサルトキハ政府ハ將來ニ向テ其ノ効力ヲ失フコトヲ公布スヘシ

第九條

天皇ハ法律ヲ執行スル爲ニ又ハ公共ノ安寧秩序ヲ保持シ及臣民ノ幸福ヲ増進スル爲ニ必要ナル命令ヲ發シ又ハ發セシム但シ命令ヲ以テ法律ヲ變更スルコトヲ得ス

第十條

天皇ハ行政各部ノ官制及文武官ノ俸給ヲ定メ及文武官ヲ任免ス但シ此ノ憲法又ハ他ノ法律ニ特例ヲ掲ケタルモノハ各々其ノ條項ニ依ル

第十一條

天皇ハ陸海軍ヲ統帥ス

第十二條

天皇ハ陸海軍ノ編制及常備兵額ヲ定ム

第十三條

天皇ハ戰ヲ宣シ和ヲ講シ及諸般ノ條約ヲ締結ス

第十四條

天皇ハ戒嚴ヲ宣告ス

戒嚴ノ要件及効力ハ法律ヲ以テ之ヲ定ム

第十五條

天皇ハ爵位勳章及其ノ他ノ榮典ヲ授與ス

第十六條

天皇ハ大赦特赦減刑及復權ヲ命ス

第十七條

攝政ヲ置クハ皇室典範ノ定ムル所ニ依ル

攝政ハ天皇ノ名ニ於テ大權ヲ行フ

第二章　臣民權利義務

第十八條

日本臣民タルノ要件ハ法律ノ定ムル所ニ依ル

第十九條

日本臣民ハ法律命令ノ定ムル所ノ資格ニ應シ均ク文武官ニ任セラレ及其ノ他ノ公務ニ就クコトヲ得

第二十條

日本臣民ハ法律ノ定ムル所ニ從ヒ兵役ノ義務ヲ有ス

第二十一條

日本臣民ハ法律ノ定ムル所ニ従ヒ納税ノ義務ヲ有ス

第二十二條

日本臣民ハ法律ノ範圍内ニ於テ居住及移轉ノ自由ヲ有ス

第二十三條

日本臣民ハ法律ニ依ルニ非スシテ逮捕監禁審問處罰ヲ受クルコトナシ

第二十四條

日本臣民ハ法律ニ定メタル裁判官ノ裁判ヲ受クルノ權ヲ奪ハルヽコトナシ

第二十五條

日本臣民ハ法律ニ定メタル場合ヲ除ク外其ノ許諾ナクシテ住所ニ侵入セラレ及搜索セラルヽコトナシ

第二十六條

日本臣民ハ法律ニ定メタル場合ヲ除ク外信書ノ祕密ヲ侵サルヽコトナシ

第二十七條

日本臣民ハ其ノ所有權ヲ侵サルヽコトナシ

公益ノ爲必要ナル處分ハ法律ノ定ムル所ニ依ル

第二十八條

日本臣民ハ安寧秩序ヲ妨ケス及臣民タルノ義務ニ背カサル限ニ於テ信教ノ自由ヲ有ス

第二十九條

日本臣民ハ法律ノ範圍内ニ於テ言論著作印行集會及結社ノ自由ヲ有ス

第三十條

日本臣民ハ相當ノ敬禮ヲ守リ別ニ定ムル所ノ規程ニ從ヒ請願ヲ爲スコトヲ得

第三十一條

本章ニ掲ケタル條規ハ戰時又ハ國家事變ノ場合ニ於テ天皇大權ノ施行ヲ妨クルコトナシ

第三十二條

本章ニ掲ケタル條規ハ陸海軍ノ法令又ハ紀律ニ牴觸セサルモノニ限リ軍人ニ準行ス

第三章　帝國議會

第三十三條

帝國議會ハ貴族院衆議院ノ兩院ヲ以テ成立ス

第三十四條

貴族院ハ貴族院令ノ定ムル所ニ依リ皇族華族及勅任セラレタル議員ヲ以テ組織ス

第三十五條

衆議院ハ選擧法ノ定ムル所ニ依リ公選セラレタル議員ヲ以テ組織ス

第三十六條

何人モ同時ニ兩議院ノ議員タルコトヲ得ス

第三十七條

凡テ法律ハ帝國議會ノ協贊ヲ經ルヲ要ス

第三十八條

兩議院ハ政府ノ提出スル法律案ヲ議決シ及各々法律案ヲ提出スルコトヲ得

第三十九條

兩議院ノ一ニ於テ否決シタル法律案ハ同會期中ニ於テ再ヒ提出スルコトヲ得ス

第四十條

兩議院ハ法律又ハ其ノ他ノ事件ニ付各々其ノ意見ヲ政府ニ建議スルコトヲ得但シ其ノ採納ヲ得サルモノハ同會期中ニ於テ再ヒ建議スルコトヲ得ス

第四十一條

帝國議會ハ毎年之ヲ召集ス

第四十二條

帝國議會ハ三箇月ヲ以テ會期トス必要アル場合ニ於テハ勅命ヲ以テ之ヲ延長スルコトアルヘシ

第四十三條

臨時緊急ノ必要アル場合ニ於テ常會ノ外臨時會ヲ召集スヘシ

臨時會ノ會期ヲ定ムルハ勅命ニ依ル

第四十四條

帝國議會ノ開會閉會會期ノ延長及停會ハ兩院同時ニ之ヲ行フヘシ

衆議院解散ヲ命セラレタルトキハ貴族院ハ同時ニ停會セラルヘシ

第四十五條

衆議院解散ヲ命セラレタルトキハ勅命ヲ以テ新ニ議員ヲ選擧セシメ解散ノ日ヨリ五箇月以内ニ之ヲ召集スヘシ

第四十六條

兩議院ハ各々其ノ總議員三分ノ一以上出席スルニ非サレハ議事ヲ開キ議決ヲ爲スコトヲ得ス

第四十七條

兩議院ノ議事ハ過半數ヲ以テ決ス可否同數ナルトキハ議長ノ決スル所ニ依ル

第四十八條

兩議院ノ會議ハ公開ス但シ政府ノ要求又ハ其ノ院ノ決議ニ依リ祕密會ト爲スコトヲ得

第四十九條

兩議院ハ各々天皇ニ上奏スルコトヲ得

第五十條

兩議院ハ臣民ヨリ呈出スル請願書ヲ受クルコトヲ得

第五十一條

兩議院ハ此ノ憲法及議院法ニ掲クルモノヽ外内部ノ整理ニ必要ナル諸規則ヲ定ムルコトヲ得

第五十二條

兩議院ノ議員ハ議院ニ於テ發言シタル意見及表決ニ付院外ニ於テ責ヲ負フコトナシ但シ議員自ラ其ノ言論ヲ演説刊行筆記又ハ其ノ他ノ方法ヲ以テ公布シタルトキハ一般ノ法律ニ依リ處分セラルヘシ

第五十三條

兩議院ノ議員ハ現行犯罪又ハ内亂外患ニ關ル罪ヲ除ク外會期中其ノ院ノ許諾ナクシテ逮捕セラルヽコトナシ

第五十四條

國務大臣及政府委員ハ何時タリトモ各議院ニ出席シ及發言スルコトヲ得

第四章　國務大臣及樞密顧問

第五十五條

國務各大臣ハ天皇ヲ輔弼シ其ノ責ニ任ス

凡テ法律勅令其ノ他國務ニ關ル詔勅ハ國務大臣ノ副署ヲ要ス

第五十六條

樞密顧問ハ樞密院官制ノ定ムル所ニ依リ天皇ノ諮詢ニ應ヘ重要ノ國務ヲ審議ス

第五章　司法

第五十七條

司法權ハ天皇ノ名ニ於テ法律ニ依リ裁判所之ヲ行フ

裁判所ノ構成ハ法律ヲ以テ之ヲ定ム

第五十八條

裁判官ハ法律ニ定メタル資格ヲ具フル者ヲ以テ之ニ任ス

裁判官ハ刑法ノ宣告又ハ懲戒ノ處分ニ由ルノ外其ノ職ヲ免セラルヽコトナシ

懲戒ノ條規ハ法律ヲ以テ之ヲ定ム

第五十九條

裁判ノ對審判決ハ之ヲ公開ス但シ安寧秩序又ハ風俗ヲ害スルノ虞アルトキハ法律ニ依リ又ハ裁判所ノ決議ヲ以テ對審ノ公開ヲ停ムルコトヲ得

第六十條

特別裁判所ノ管轄ニ屬スヘキモノハ別ニ法律ヲ以テ之ヲ定ム

第六十一條

行政官廳ノ違法處分ニ由リ權利ヲ傷害セラレタリトスルノ訴訟ニシテ別ニ法律ヲ以テ定メタル行政裁判所ノ裁判ニ屬スヘキモノハ司法裁判所ニ於テ受理スルノ限ニ在ラス

第六章　會計

第六十二條

新ニ租税ヲ課シ及税率ヲ變更スルハ法律ヲ以テ之ヲ定ムヘシ

但シ報償ニ屬スル行政上ノ手數料及其ノ他ノ收納金ハ前項ノ限ニ在ラス

國債ヲ起シ及豫算ニ定メタルモノヲ除ク外國庫ノ負擔トナルヘキ契約ヲ爲スハ帝國議會ノ協贊ヲ經ヘシ

第六十三條

現行ノ租税ハ更ニ法律ヲ以テ之ヲ改メサル限ハ舊ニ依リ之ヲ徴收ス

第六十四條

國家ノ歳出歳入ハ毎年豫算ヲ以テ帝國議會ノ協贊ヲ經ヘシ

豫算ノ款項ニ超過シ又ハ豫算ノ外ニ生シタル支出アルトキハ後日帝國議會ノ承諾ヲ求ムルヲ要ス

第六十五條

豫算ハ前ニ衆議院ニ提出スヘシ

第六十六條

皇室經費ハ現在ノ定額ニ依リ毎年國庫ヨリ之ヲ支出シ將來増額ヲ要スル場合ヲ除ク外帝國議會ノ協贊ヲ要セス

第六十七條

憲法上ノ大權ニ基ツケル既定ノ歳出及法律ノ結果ニ由リ又ハ法律上政府ノ義務ニ屬スル歳出ハ政府ノ同意ナクシテ帝國議會之ヲ廢除シ又ハ削減スルコトヲ得ス

第六十八條

特別ノ須要ニ因リ政府ハ豫メ年限ヲ定メ繼續費トシテ帝國議會ノ協贊ヲ求ムルコトヲ得

第六十九條

避クヘカラサル豫算ノ不足ヲ補フ爲ニ又ハ豫算ノ外ニ生シタル必要ノ費用ニ充ツル爲ニ豫備費ヲ設クヘシ

第七十條

公共ノ安全ヲ保持スル爲緊急ノ需用アル場合ニ於テ内外ノ情形ニ因リ政府ハ帝國議會ヲ召集スルコト能ハサルトキハ勅令ニ依リ財政上必要ノ處分ヲ爲スコトヲ得

前項ノ場合ニ於テハ次ノ會期ニ於テ帝國議會ニ提出シ其ノ承諾ヲ求ムルヲ要ス

第七十一條

帝國議會ニ於テ豫算ヲ議定セス又ハ豫算成立ニ至ラサルトキハ政府ハ前年度ノ豫算ヲ施行スヘシ

第七十二條

國家ノ歳出歳入ノ決算ハ會計檢査院之ヲ檢査確定シ政府ハ其ノ檢査報告ト倶ニ之ヲ帝國議會ニ提出スヘシ

會計檢査院ノ組織及職權ハ法律ヲ以テ之ヲ定ム

第七章　補則

第七十三條

將來此ノ憲法ノ條項ヲ改正スルノ必要アルトキハ勅命ヲ以テ議案ヲ帝國議會ノ議ニ付スヘシ

此ノ場合ニ於テ兩議院ハ各々其ノ總員三分ノ二以上出席スルニ非サレハ議事ヲ開クコトヲ得ス出席議員三分ノ二以上ノ多數ヲ得ルニ非サレハ改正ノ議決ヲ爲スコトヲ得ス

第七十四條

皇室典範ノ改正ハ帝國議會ノ議ヲ經ルヲ要セス

皇室典範ヲ以テ此ノ憲法ノ條規ヲ變更スルコトヲ得ス

第七十五條

憲法及皇室典範ハ攝政ヲ置クノ間之ヲ變更スルコトヲ得ス

第七十六條

法律規則命令又ハ何等ノ名稱ヲ用井タルニ拘ラス此ノ憲法ニ矛盾セサル現行ノ法令ハ總テ遵由ノ効力ヲ有ス

歳出上政府ノ義務ニ係ル現在ノ契約又ハ命令ハ總テ第六十七條ノ例ニ依ル

新字体版
[
編集
]

告文 

皇朕レ謹ミ畏ミ

皇祖

皇宗ノ神霊ニ誥ケ白サク皇朕レ天壌無窮ノ宏謨ニ循ヒ惟神ノ宝祚ヲ承継シ旧図ヲ保持シテ敢テ失墜スルコト無シ顧ミルニ世局ノ進運ニ膺リ人文ノ発達ニ随ヒ宜ク

皇祖

皇宗ノ遺訓ヲ明徴ニシ典憲ヲ成立シ条章ヲ昭示シ内ハ以テ子孫ノ率由スル所ト為シ外ハ以テ臣民翼賛ノ道ヲ広メ永遠ニ遵行セシメ益々国家ノ丕基ヲ鞏固ニシ八洲民生ノ慶福ヲ増進スヘシ茲ニ
皇室典範
及憲法ヲ制定ス惟フニ此レ皆

皇祖

皇宗ノ後裔ニ貽シタマヘル統治ノ洪範ヲ紹述スルニ外ナラス而シテ朕カ躬ニ逮テ時ト倶ニ挙行スルコトヲ得ルハ洵ニ

皇祖

皇宗及我カ

皇考ノ威霊ニ倚藉スルニ由ラサルハ無シ皇朕レ仰テ

皇祖

皇宗及

皇考ノ神祐ヲ祷リ併セテ朕カ現在及将来ニ臣民ニ率先シ此ノ憲章ヲ履行シテ愆ラサラムコトヲ誓フ庶幾クハ

神霊此レヲ鑑ミタマヘ

憲法発布勅語 

朕国家ノ隆昌ト臣民ノ慶福トヲ以テ中心ノ欣栄トシ朕カ祖宗ニ承クルノ大権ニ依リ現在及将来ノ臣民ニ対シ此ノ不磨ノ大典ヲ宣布ス

惟フニ我カ祖我カ宗ハ我カ臣民祖先ノ協力輔翼ニ倚リ我カ帝国ヲ肇造シ以テ無窮ニ垂レタリ此レ我カ神聖ナル祖宗ノ威徳ト並ニ臣民ノ忠実勇武ニシテ国ヲ愛シ公ニ殉ヒ以テ此ノ光輝アル国史ノ成跡ヲ貽シタルナリ朕我カ臣民ハ即チ祖宗ノ忠良ナル臣民ノ子孫ナルヲ回想シ其ノ朕カ意ヲ奉体シ朕カ事ヲ奨順シ相与ニ和衷協同シ益々我カ帝国ノ光栄ヲ中外ニ宣揚シ祖宗ノ遺業ヲ永久ニ鞏固ナラシムルノ希望ヲ同クシ此ノ負担ヲ分ツニ堪フルコトヲ疑ハサルナリ

（上諭） 

朕祖宗ノ遺烈ヲ承ケ万世一系ノ帝位ヲ践ミ朕カ親愛スル所ノ臣民ハ即チ朕カ祖宗ノ恵撫慈養シタマヒシ所ノ臣民ナルヲ念ヒ其ノ康福ヲ増進シ其ノ懿徳良能ヲ発達セシメムコトヲ願ヒ又其ノ翼賛ニ依リ与ニ倶ニ国家ノ進運ヲ扶持セムコトヲ望ミ乃チ
明治十四年十月十二日ノ詔命
ヲ履践シ茲ニ大憲ヲ制定シ朕カ率由スル所ヲ示シ朕カ後嗣及臣民及臣民ノ子孫タル者ヲシテ永遠ニ循行スル所ヲ知ラシム

国家統治ノ大権ハ朕カ之ヲ祖宗ニ承ケテ之ヲ子孫ニ伝フル所ナリ朕及朕カ子孫ハ将来此ノ憲法ノ条章ニ循ヒ之ヲ行フコトヲ愆ラサルヘシ

朕ハ我カ臣民ノ権利及財産ノ安全ヲ貴重シ及之ヲ保護シ此ノ憲法及法律ノ範囲内ニ於テ其ノ享有ヲ完全ナラシムヘキコトヲ宣言ス

帝国議会ハ明治二十三年ヲ以テ之ヲ召集シ議会開会ノ時ヲ以テ此ノ憲法ヲシテ有効ナラシムルノ期トスヘシ

将来若此ノ憲法ノ或ル条章ヲ改定スルノ必要ナル時宜ヲ見ルニ至ラハ朕及朕カ継統ノ子孫ハ発議ノ権ヲ執リ之ヲ議会ニ付シ議会ハ此ノ憲法ニ定メタル要件ニ依リ之ヲ議決スルノ外朕カ子孫及臣民ハ敢テ之カ紛更ヲ試ミルコトヲ得サルヘシ

朕カ在廷ノ大臣ハ朕カ為ニ此ノ憲法ヲ施行スルノ責ニ任スヘク朕カ現在及将来ノ臣民ハ此ノ憲法ニ対シ永遠ニ従順ノ義務ヲ負フヘシ

御名御璽

明治二十二年二月十一日

内閣総理大臣

伯爵

黒田清隆

枢密院議長

伯爵

伊藤博文

外務大臣

伯爵

大隈重信

海軍大臣

伯爵

西郷従道

農商務大臣

伯爵

井上　馨

司法大臣

伯爵

山田顕義

大蔵大臣兼内務大臣

伯爵

松方正義

陸軍大臣

伯爵

大山　巌

文部大臣

子爵

森　有礼

逓信大臣

子爵

榎本武揚

大日本帝国憲法

第一章　天皇

第一条

大日本帝国ハ万世一系ノ天皇之ヲ統治ス

第二条

皇位ハ皇室典範ノ定ムル所ニ依リ皇男子孫之ヲ継承ス

第三条

天皇ハ神聖ニシテ侵スヘカラス

第四条

天皇ハ国ノ元首ニシテ統治権ヲ総攬シ此ノ憲法ノ条規ニ依リ之ヲ行フ

第五条

天皇ハ帝国議会ノ協賛ヲ以テ立法権ヲ行フ

第六条

天皇ハ法律ヲ裁可シ其ノ公布及執行ヲ命ス

第七条

天皇ハ帝国議会ヲ召集シ其ノ開会閉会停会及衆議院ノ解散ヲ命ス

第八条

天皇ハ公共ノ安全ヲ保持シ又ハ其ノ災厄ヲ避クル為緊急ノ必要ニ由リ帝国議会閉会ノ場合ニ於テ法律ニ代ルヘキ勅令ヲ発ス

此ノ勅令ハ次ノ会期ニ於テ帝国議会ニ提出スヘシ若議会ニ於テ承諾セサルトキハ政府ハ将来ニ向テ其ノ効力ヲ失フコトヲ公布スヘシ

第九条

天皇ハ法律ヲ執行スル為ニ又ハ公共ノ安寧秩序ヲ保持シ及臣民ノ幸福ヲ増進スル為ニ必要ナル命令ヲ発シ又ハ発セシム但シ命令ヲ以テ法律ヲ変更スルコトヲ得ス

第十条

天皇ハ行政各部ノ官制及文武官ノ俸給ヲ定メ及文武官ヲ任免ス但シ此ノ憲法又ハ他ノ法律ニ特例ヲ掲ケタルモノハ各々其ノ条項ニ依ル

第十一条

天皇ハ陸海軍ヲ統帥ス

第十二条

天皇ハ陸海軍ノ編制及常備兵額ヲ定ム

第十三条

天皇ハ戦ヲ宣シ和ヲ講シ及諸般ノ条約ヲ締結ス

第十四条

天皇ハ戒厳ヲ宣告ス

戒厳ノ要件及効力ハ法律ヲ以テ之ヲ定ム

第十五条

天皇ハ爵位勲章及其ノ他ノ栄典ヲ授与ス

第十六条

天皇ハ大赦特赦減刑及復権ヲ命ス

第十七条

摂政ヲ置クハ皇室典範ノ定ムル所ニ依ル

摂政ハ天皇ノ名ニ於テ大権ヲ行フ

第二章　臣民権利義務

第十八条

日本臣民タルノ要件ハ法律ノ定ムル所ニ依ル

第十九条

日本臣民ハ法律命令ノ定ムル所ノ資格ニ応シ均ク文武官ニ任セラレ及其ノ他ノ公務ニ就クコトヲ得

第二十条

日本臣民ハ法律ノ定ムル所ニ従ヒ兵役ノ義務ヲ有ス

第二十一条

日本臣民ハ法律ノ定ムル所ニ従ヒ納税ノ義務ヲ有ス

第二十二条

日本臣民ハ法律ノ範囲内ニ於テ居住及移転ノ自由ヲ有ス

第二十三条

日本臣民ハ法律ニ依ルニ非スシテ逮捕監禁審問処罰ヲ受クルコトナシ

第二十四条

日本臣民ハ法律ニ定メタル裁判官ノ裁判ヲ受クルノ権ヲ奪ハルヽコトナシ

第二十五条

日本臣民ハ法律ニ定メタル場合ヲ除ク外其ノ許諾ナクシテ住所ニ侵入セラレ及捜索セラルヽコトナシ

第二十六条

日本臣民ハ法律ニ定メタル場合ヲ除ク外信書ノ秘密ヲ侵サルヽコトナシ

第二十七条

日本臣民ハ其ノ所有権ヲ侵サルヽコトナシ

公益ノ為必要ナル処分ハ法律ノ定ムル所ニ依ル

第二十八条

日本臣民ハ安寧秩序ヲ妨ケス及臣民タルノ義務ニ背カサル限ニ於テ信教ノ自由ヲ有ス

第二十九条

日本臣民ハ法律ノ範囲内ニ於テ言論著作印行集会及結社ノ自由ヲ有ス

第三十条

日本臣民ハ相当ノ敬礼ヲ守リ別ニ定ムル所ノ規程ニ従ヒ請願ヲ為スコトヲ得

第三十一条

本章ニ掲ケタル条規ハ戦時又ハ国家事変ノ場合ニ於テ天皇大権ノ施行ヲ妨クルコトナシ

第三十二条

本章ニ掲ケタル条規ハ陸海軍ノ法令又ハ紀律ニ牴触セサルモノニ限リ軍人ニ準行ス

第三章　帝国議会

第三十三条

帝国議会ハ貴族院衆議院ノ両院ヲ以テ成立ス

第三十四条

貴族院ハ貴族院令ノ定ムル所ニ依リ皇族華族及勅任セラレタル議員ヲ以テ組織ス

第三十五条

衆議院ハ選挙法ノ定ムル所ニ依リ公選セラレタル議員ヲ以テ組織ス

第三十六条

何人モ同時ニ両議院ノ議員タルコトヲ得ス

第三十七条

凡テ法律ハ帝国議会ノ協賛ヲ経ルヲ要ス

第三十八条

両議院ハ政府ノ提出スル法律案ヲ議決シ及各々法律案ヲ提出スルコトヲ得

第三十九条

両議院ノ一ニ於テ否決シタル法律案ハ同会期中ニ於テ再ヒ提出スルコトヲ得ス

第四十条

両議院ハ法律又ハ其ノ他ノ事件ニ付各々其ノ意見ヲ政府ニ建議スルコトヲ得但シ其ノ採納ヲ得サルモノハ同会期中ニ於テ再ヒ建議スルコトヲ得ス

第四十一条

帝国議会ハ毎年之ヲ召集ス

第四十二条

帝国議会ハ三箇月ヲ以テ会期トス必要アル場合ニ於テハ勅命ヲ以テ之ヲ延長スルコトアルヘシ

第四十三条

臨時緊急ノ必要アル場合ニ於テ常会ノ外臨時会ヲ召集スヘシ

臨時会ノ会期ヲ定ムルハ勅命ニ依ル

第四十四条

帝国議会ノ開会閉会会期ノ延長及停会ハ両院同時ニ之ヲ行フヘシ

衆議院解散ヲ命セラレタルトキハ貴族院ハ同時ニ停会セラルヘシ

第四十五条

衆議院解散ヲ命セラレタルトキハ勅命ヲ以テ新ニ議員ヲ選挙セシメ解散ノ日ヨリ五箇月以内ニ之ヲ召集スヘシ

第四十六条

両議院ハ各々其ノ総議員三分ノ一以上出席スルニ非サレハ議事ヲ開キ議決ヲ為スコトヲ得ス

第四十七条

両議院ノ議事ハ過半数ヲ以テ決ス可否同数ナルトキハ議長ノ決スル所ニ依ル

第四十八条

両議院ノ会議ハ公開ス但シ政府ノ要求又ハ其ノ院ノ決議ニ依リ秘密会ト為スコトヲ得

第四十九条

両議院ハ各々天皇ニ上奏スルコトヲ得

第五十条

両議院ハ臣民ヨリ呈出スル請願書ヲ受クルコトヲ得

第五十一条

両議院ハ此ノ憲法及議院法ニ掲クルモノヽ外内部ノ整理ニ必要ナル諸規則ヲ定ムルコトヲ得

第五十二条

両議院ノ議員ハ議院ニ於テ発言シタル意見及表決ニ付院外ニ於テ責ヲ負フコトナシ但シ議員自ラ其ノ言論ヲ演説刊行筆記又ハ其ノ他ノ方法ヲ以テ公布シタルトキハ一般ノ法律ニ依リ処分セラルヘシ

第五十三条

両議院ノ議員ハ現行犯罪又ハ内乱外患ニ関ル罪ヲ除ク外会期中其ノ院ノ許諾ナクシテ逮捕セラルヽコトナシ

第五十四条

国務大臣及政府委員ハ何時タリトモ各議院ニ出席シ及発言スルコトヲ得

第四章　国務大臣及枢密顧問

第五十五条

国務各大臣ハ天皇ヲ輔弼シ其ノ責ニ任ス

凡テ法律勅令其ノ他国務ニ関ル詔勅ハ国務大臣ノ副署ヲ要ス

第五十六条

枢密顧問ハ枢密院官制ノ定ムル所ニ依リ天皇ノ諮詢ニ応ヘ重要ノ国務ヲ審議ス

第五章　司法

第五十七条

司法権ハ天皇ノ名ニ於テ法律ニ依リ裁判所之ヲ行フ

裁判所ノ構成ハ法律ヲ以テ之ヲ定ム

第五十八条

裁判官ハ法律ニ定メタル資格ヲ具フル者ヲ以テ之ニ任ス

裁判官ハ刑法ノ宣告又ハ懲戒ノ処分ニ由ルノ外其ノ職ヲ免セラルヽコトナシ

懲戒ノ条規ハ法律ヲ以テ之ヲ定ム

第五十九条

裁判ノ対審判決ハ之ヲ公開ス但シ安寧秩序又ハ風俗ヲ害スルノ虞アルトキハ法律ニ依リ又ハ裁判所ノ決議ヲ以テ対審ノ公開ヲ停ムルコトヲ得

第六十条

特別裁判所ノ管轄ニ属スヘキモノハ別ニ法律ヲ以テ之ヲ定ム

第六十一条

行政官庁ノ違法処分ニ由リ権利ヲ傷害セラレタリトスルノ訴訟ニシテ別ニ法律ヲ以テ定メタル行政裁判所ノ裁判ニ属スヘキモノハ司法裁判所ニ於テ受理スルノ限ニ在ラス

第六章　会計

第六十二条

新ニ租税ヲ課シ及税率ヲ変更スルハ法律ヲ以テ之ヲ定ムヘシ

但シ報償ニ属スル行政上ノ手数料及其ノ他ノ収納金ハ前項ノ限ニ在ラス

国債ヲ起シ及予算ニ定メタルモノヲ除ク外国庫ノ負担トナルヘキ契約ヲ為スハ帝国議会ノ協賛ヲ経ヘシ

第六十三条

現行ノ租税ハ更ニ法律ヲ以テ之ヲ改メサル限ハ旧ニ依リ之ヲ徴収ス

第六十四条

国家ノ歳出歳入ハ毎年予算ヲ以テ帝国議会ノ協賛ヲ経ヘシ

予算ノ款項ニ超過シ又ハ予算ノ外ニ生シタル支出アルトキハ後日帝国議会ノ承諾ヲ求ムルヲ要ス

第六十五条

予算ハ前ニ衆議院ニ提出スヘシ

第六十六条

皇室経費ハ現在ノ定額ニ依リ毎年国庫ヨリ之ヲ支出シ将来増額ヲ要スル場合ヲ除ク外帝国議会ノ協賛ヲ要セス

第六十七条

憲法上ノ大権ニ基ツケル既定ノ歳出及法律ノ結果ニ由リ又ハ法律上政府ノ義務ニ属スル歳出ハ政府ノ同意ナクシテ帝国議会之ヲ廃除シ又ハ削減スルコトヲ得ス

第六十八条

特別ノ須要ニ因リ政府ハ予メ年限ヲ定メ継続費トシテ帝国議会ノ協賛ヲ求ムルコトヲ得

第六十九条

避クヘカラサル予算ノ不足ヲ補フ為ニ又ハ予算ノ外ニ生シタル必要ノ費用ニ充ツル為ニ予備費ヲ設クヘシ

第七十条

公共ノ安全ヲ保持スル為緊急ノ需用アル場合ニ於テ内外ノ情形ニ因リ政府ハ帝国議会ヲ召集スルコト能ハサルトキハ勅令ニ依リ財政上必要ノ処分ヲ為スコトヲ得

前項ノ場合ニ於テハ次ノ会期ニ於テ帝国議会ニ提出シ其ノ承諾ヲ求ムルヲ要ス

第七十一条

帝国議会ニ於テ予算ヲ議定セス又ハ予算成立ニ至ラサルトキハ政府ハ前年度ノ予算ヲ施行スヘシ

第七十二条

国家ノ歳出歳入ノ決算ハ会計検査院之ヲ検査確定シ政府ハ其ノ検査報告ト倶ニ之ヲ帝国議会ニ提出スヘシ

会計検査院ノ組織及職権ハ法律ヲ以テ之ヲ定ム

第七章　補則

第七十三条

将来此ノ憲法ノ条項ヲ改正スルノ必要アルトキハ勅命ヲ以テ議案ヲ帝国議会ノ議ニ付スヘシ

此ノ場合ニ於テ両議院ハ各々其ノ総員三分ノ二以上出席スルニ非サレハ議事ヲ開クコトヲ得ス出席議員三分ノ二以上ノ多数ヲ得ルニ非サレハ改正ノ議決ヲ為スコトヲ得ス

第七十四条

皇室典範ノ改正ハ帝国議会ノ議ヲ経ルヲ要セス

皇室典範ヲ以テ此ノ憲法ノ条規ヲ変更スルコトヲ得ス

第七十五条

憲法及皇室典範ハ摂政ヲ置クノ間之ヲ変更スルコトヲ得ス

第七十六条

法律規則命令又ハ何等ノ名称ヲ用井タルニ拘ラス此ノ憲法ニ矛盾セサル現行ノ法令ハ総テ遵由ノ効力ヲ有ス

歳出上政府ノ義務ニ係ル現在ノ契約又ハ命令ハ総テ第六十七条ノ例ニ依ル

新字体・ 平仮名版
[
編集
]

告文 

皇朕れ、謹み畏み

皇祖

皇宗の神霊に誥け白さく、皇朕れ、天壌無窮の宏謨に循ひ、惟神の宝祚を承継し、旧図を保持して敢て失墜すること無し。顧みるに、世局の進運に膺り、人文の発達に随ひ宜く

皇祖

皇宗の遺訓を明徴にし、典憲を成立し、条章を昭示し、内は以て子孫の率由する所と為し、外は以て臣民翼賛の道を広め永遠に遵行せしめ、益々国家の丕基を鞏固にし、八洲民生の慶福を増進すへし。茲に
皇室典範
及憲法を制定す。惟ふに、此れ皆

皇祖

皇宗の後裔に貽したまへる統治の、洪範を紹述するに外ならす。而して、朕か躬に逮て時と倶に挙行することを得るは、洵に

皇祖

皇宗及我か

皇考の威霊に倚藉するに由らさるは無し。皇朕れ仰て

皇祖

皇宗及

皇考の神祐を祷り併せて、朕か現在及将来に臣民に率先し、此の憲章を履行して愆らさらむことを誓ふ。庶幾くは

神霊、此れを鑑みたまへ。

憲法発布勅語 

朕、国家の隆昌と臣民の慶福とを以て、中心の欣栄とし、朕か祖宗に承くるの大権に依り、現在及将来の臣民に対し、此の不磨の大典を宣布す。

惟ふに、我か祖我か宗は我か臣民祖先の協力輔翼に倚り、我か帝国を肇造し、以て無窮に垂れたり。此れ、我か神聖なる祖宗の威徳と並に臣民の忠実勇武にして、国を愛し、公に殉ひ以て此の光輝ある国史の成跡を貽したるなり。朕、我か臣民は即ち祖宗の忠良なる臣民の子孫なるを回想し、其の朕か意を奉体し、朕か事を奨順し、相与に和衷協同し、益々我か帝国の光栄を中外に宣揚し、祖宗の遺業を永久に鞏固ならしむるの希望を同くし、此の負担を分つに堪ふることを疑はさるなり。

（上諭） 

朕、祖宗の遺烈を承け、万世一系の帝位を践み、朕か親愛する所の臣民は、即ち朕か祖宗の恵撫慈養したまひし所の臣民なるを念ひ、其の康福を増進し其の懿徳良能を発達せしめむことを願ひ、又、其の翼賛に依り、与に倶に国家の進運を扶持せむことを望み、乃ち、
明治十四年十月十二日の詔命
を履践し、茲に大憲を制定し、朕か率由する所を示し、朕か後嗣及臣民及臣民の子孫たる者をして、永遠に循行する所を知らしむ。

国家統治の大権は、朕か之を祖宗に承けて、之を子孫に伝ふる所なり。朕及朕か子孫は、将来此の憲法の条章に循ひ、之を行ふことを愆らさるへし。

朕は、我か臣民の権利及財産の安全を貴重し、及、之を保護し、此の憲法及法律の範囲内に於て、其の享有を完全ならしむへきことを宣言す。

帝国議会は、明治二十三年を以て、之を召集し議会開会の時を以て、此の憲法をして有効ならしむるの期とすへし。

将来、若、此の憲法の或る条章を改定するの必要なる時宜を見るに至らは、朕及朕か継統の子孫は、発議の権を執り、之を議会に付し、議会は此の憲法に定めたる要件に依り、之を議決するの外、朕か子孫及臣民は、敢て、之か紛更を試みることを得さるへし。

朕か在廷の大臣は、朕か為に此の憲法を施行するの責に任すへく、朕か現在及将来の臣民は、此の憲法に対し、永遠に従順の義務を負ふへし。

御名御璽

明治二十二年二月十一日

内閣総理大臣

伯爵

黒田清隆

枢密院議長

伯爵

伊藤博文

外務大臣

伯爵

大隈重信

海軍大臣

伯爵

西郷従道

農商務大臣

伯爵

井上　馨

司法大臣

伯爵

山田顕義

大蔵大臣兼内務大臣

伯爵

松方正義

陸軍大臣

伯爵

大山　巌

文部大臣

子爵

森　有礼

逓信大臣

子爵

榎本武揚

大日本帝国憲法

第一章　天皇

第一条

大日本帝国は万世一系の天皇之を統治す

第二条

皇位は皇室典範の定むる所に依り皇男子孫之を継承す

第三条

天皇は神聖にして侵すへからす

第四条

天皇は国の元首にして統治権を総攬し此の憲法の条規に依り之を行ふ

第五条

天皇は帝国議会の協賛を以て立法権を行ふ

第六条

天皇は法律を裁可し其の公布及執行を命す

第七条

天皇は帝国議会を召集し其の開会閉会停会及衆議院の解散を命す

第八条

天皇は公共の安全を保持し又は其の災厄を避くる為緊急の必要に由り帝国議会閉会の場合に於て法律に代るへき勅令を発す

此の勅令は次の会期に於て帝国議会に提出すへし若議会に於て承諾せさるときは政府は将来に向て其の効力を失ふことを公布すへし

第九条

天皇は法律を執行する為に又は公共の安寧秩序を保持し及臣民の幸福を増進する為に必要なる命令を発し又は発せしむ但し命令を以て法律を変更することを得す

第十条

天皇は行政各部の官制及文武官の俸給を定め及文武官を任免す但し此の憲法又は他の法律に特例を掲けたるものは各々其の条項に依る

第十一条

天皇は陸海軍を統帥す

第十二条

天皇は陸海軍の編制及常備兵額を定む

第十三条

天皇は戦を宣し和を講し及諸般の条約を締結す

第十四条

天皇は戒厳を宣告す

戒厳の要件及効力は法律を以て之を定む

第十五条

天皇は爵位勲章及其の他の栄典を授与す

第十六条

天皇は大赦特赦減刑及復権を命す

第十七条

摂政を置くは皇室典範の定むる所に依る

摂政は天皇の名に於て大権を行ふ

第二章　臣民権利義務

第十八条

日本臣民たるの要件は法律の定むる所に依る

第十九条

日本臣民は法律命令の定むる所の資格に応し均く文武官に任せられ及其の他の公務に就くことを得

第二十条

日本臣民は法律の定むる所に従ひ兵役の義務を有す

第二十一条

日本臣民は法律の定むる所に従ひ納税の義務を有す

第二十二条

日本臣民は法律の範囲内に於て居住及移転の自由を有す

第二十三条

日本臣民は法律に依るに非すして逮捕監禁審問処罰を受くることなし

第二十四条

日本臣民は法律に定めたる裁判官の裁判を受くるの権を奪はるゝことなし

第二十五条

日本臣民は法律に定めたる場合を除く外其の許諾なくして住所に侵入せられ及捜索せらるゝことなし

第二十六条

日本臣民は法律に定めたる場合を除く外信書の秘密を侵さるゝことなし

第二十七条

日本臣民は其の所有権を侵さるゝことなし

公益の為必要なる処分は法律の定むる所に依る

第二十八条

日本臣民は安寧秩序を妨けす及臣民たるの義務に背かさる限に於て信教の自由を有す

第二十九条

日本臣民は法律の範囲内に於て言論著作印行集会及結社の自由を有す

第三十条

日本臣民は相当の敬礼を守り別に定むる所の規程に従ひ請願を為すことを得

第三十一条

本章に掲けたる条規は戦時又は国家事変の場合に於て天皇大権の施行を妨くることなし

第三十二条

本章に掲けたる条規は陸海軍の法令又は紀律に牴触せさるものに限り軍人に準行す

第三章　帝国議会

第三十三条

帝国議会は貴族院衆議院の両院を以て成立す

第三十四条

貴族院は貴族院令の定むる所に依り皇族華族及勅任せられたる議員を以て組織す

第三十五条

衆議院は選挙法の定むる所に依り公選せられたる議員を以て組織す

第三十六条

何人も同時に両議院の議員たることを得す

第三十七条

凡て法律は帝国議会の協賛を経るを要す

第三十八条

両議院は政府の提出する法律案を議決し及各々法律案を提出することを得

第三十九条

両議院の一に於て否決したる法律案は同会期中に於て再ひ提出することを得す

第四十条

両議院は法律又は其の他の事件に付各々其の意見を政府に建議することを得但し其の採納を得さるものは同会期中に於て再ひ建議することを得す

第四十一条

帝国議会は毎年之を召集す

第四十二条

帝国議会は三箇月を以て会期とす必要ある場合に於ては勅命を以て之を延長することあるへし

第四十三条

臨時緊急の必要ある場合に於て常会の外臨時会を召集すへし

臨時会の会期を定むるは勅命に依る

第四十四条

帝国議会の開会閉会会期の延長及停会は両院同時に之を行ふへし

衆議院解散を命せられたるときは貴族院は同時に停会せらるへし

第四十五条

衆議院解散を命せられたるときは勅命を以て新に議員を選挙せしめ解散の日より五箇月以内に之を召集すへし

第四十六条

両議院は各々其の総議員三分の一以上出席するに非されは議事を開き議決を為すことを得す

第四十七条

両議院の議事は過半数を以て決す可否同数なるときは議長の決する所に依る

第四十八条

両議院の会議は公開す但し政府の要求又は其の院の決議に依り秘密会と為すことを得

第四十九条

両議院は各々天皇に上奏することを得

第五十条

両議院は臣民より呈出する請願書を受くることを得

第五十一条

両議院は此の憲法及議院法に掲くるものゝ外内部の整理に必要なる諸規則を定むることを得

第五十二条

両議院の議員は議院に於て発言したる意見及表決に付院外に於て責を負ふことなし但し議員自ら其の言論を演説刊行筆記又は其の他の方法を以て公布したるときは一般の法律に依り処分せらるへし

第五十三条

両議院の議員は現行犯罪又は内乱外患に関る罪を除く外会期中其の院の許諾なくして逮捕せらるゝことなし

第五十四条

国務大臣及政府委員は何時たりとも各議院に出席し及発言することを得

第四章　国務大臣及枢密顧問

第五十五条

国務各大臣は天皇を輔弼し其の責に任す

凡て法律勅令其の他国務に関る詔勅は国務大臣の副署を要す

第五十六条

枢密顧問は枢密院官制の定むる所に依り天皇の諮詢に応へ重要の国務を審議す

第五章　司法

第五十七条

司法権は天皇の名に於て法律に依り裁判所之を行ふ

裁判所の構成は法律を以て之を定む

第五十八条

裁判官は法律に定めたる資格を具ふる者を以て之に任す

裁判官は刑法の宣告又は懲戒の処分に由るの外其の職を免せらるゝことなし

懲戒の条規は法律を以て之を定む

第五十九条

裁判の対審判決は之を公開す但し安寧秩序又は風俗を害するの虞あるときは法律に依り又は裁判所の決議を以て対審の公開を停むることを得

第六十条

特別裁判所の管轄に属すへきものは別に法律を以て之を定む

第六十一条

行政官庁の違法処分に由り権利を傷害せられたりとするの訴訟にして別に法律を以て定めたる行政裁判所の裁判に属すへきものは司法裁判所に於て受理するの限に在らす

第六章　会計

第六十二条

新に租税を課し及税率を変更するは法律を以て之を定むへし

但し報償に属する行政上の手数料及其の他の収納金は前項の限に在らす

国債を起し及予算に定めたるものを除く外国庫の負担となるへき契約を為すは帝国議会の協賛を経へし

第六十三条

現行の租税は更に法律を以て之を改めさる限は旧に依り之を徴収す

第六十四条

国家の歳出歳入は毎年予算を以て帝国議会の協賛を経へし

予算の款項に超過し又は予算の外に生したる支出あるときは後日帝国議会の承諾を求むるを要す

第六十五条

予算は前に衆議院に提出すへし

第六十六条

皇室経費は現在の定額に依り毎年国庫より之を支出し将来増額を要する場合を除く外帝国議会の協賛を要せす

第六十七条

憲法上の大権に基つける既定の歳出及法律の結果に由り又は法律上政府の義務に属する歳出は政府の同意なくして帝国議会之を廃除し又は削減することを得す

第六十八条

特別の須要に因り政府は予め年限を定め継続費として帝国議会の協賛を求むることを得

第六十九条

避くへからさる予算の不足を補ふ為に又は予算の外に生したる必要の費用に充つる為に予備費を設くへし

第七十条

公共の安全を保持する為緊急の需用ある場合に於て内外の情形に因り政府は帝国議会を召集すること能はさるときは勅令に依り財政上必要の処分を為すことを得

前項の場合に於ては次の会期に於て帝国議会に提出し其の承諾を求むるを要す

第七十一条

帝国議会に於て予算を議定せす又は予算成立に至らさるときは政府は前年度の予算を施行すへし

第七十二条

国家の歳出歳入の決算は会計検査院之を検査確定し政府は其の検査報告と倶に之を帝国議会に提出すへし

会計検査院の組織及職権は法律を以て之を定む

第七章　補則

第七十三条

将来此の憲法の条項を改正するの必要あるときは勅命を以て議案を帝国議会の議に付すへし

此の場合に於て両議院は各々其の総員三分の二以上出席するに非されは議事を開くことを得す出席議員三分の二以上の多数を得るに非されは改正の議決を為すことを得す

第七十四条

皇室典範の改正は帝国議会の議を経るを要せす

皇室典範を以て此の憲法の条規を変更することを得す

第七十五条

憲法及皇室典範は摂政を置くの間之を変更することを得す

第七十六条

法律規則命令又は何等の名称を用ゐたるに拘らす此の憲法に矛盾せさる現行の法令は総て遵由の効力を有す

歳出上政府の義務に係る現在の契約又は命令は総て第六十七条の例に依る

註釈
[
編集
]

[
ヘルプ
]

↑"
us_constitution_1787,The United States Constitution,United States,1787,constitution,en,Project Gutenberg,https://www.gutenberg.org/cache/epub/5/pg5.txt,D:\ThoughtMap\data\legal_texts\us_constitution_1787.txt,27850,"TITLE: The United States Constitution
AUTHOR: United States
YEAR: 1787
SOURCE_TYPE: constitution
SOURCE: Project Gutenberg
URL: https://www.gutenberg.org/cache/epub/5/pg5.txt

All of the original Project Gutenberg Etexts from the
1970's were produced in ALL CAPS, no lower case. The
computers we used then didn't have lower case at all.

***

The following edition of The Consitution of the United States of America
has been based on many hours of study of a variety of editions, and will
include certain variant spellings, punctuation, and captialization as we
have been able to reasonable ascertain belonged to the orginal. In case
of internal discrepancies in these matters, most or all have been left.

In our orginal editions the letters were all CAPITALS, and we did not do
anything about capitalization, consistent or otherwise, nor with most of
the punctuation, since we had limited punctionation in those days.

This document does NOT include the amendments, as the Bill of Rights was
one of our earlier Project Gutenberg Etexts, and the others will be sent
in a separate posting.

***

We would ask that any Consitutional scholars would please take a minute,
or longer, to send us a note concerning possible corrections.

***

THE CONSTITUTION OF THE UNITED STATES OF AMERICA, 1787

We the people of the United States, in Order to form a more perfect Union,
establish Justice, insure domestic Tranquility, provide for the common defence,
promote the general Welfare, and secure the Blessings of Liberty to ourselves
and our Posterity, do ordain and establish this Constitution for the
United States of America.

Article 1

Section 1. All legislative Powers herein granted shall be vested in a
Congress of the United States, which shall consist of a Senate and
House of Representatives.

Section 2. The House of Representatives shall be composed of Members
chosen every second Year by the People of the several States,
and the electors in each State shall have the qualifications requisite
for electors of the most numerous branch of the State legislature.

No Person shall be a Representative who shall not have attained to the
Age of twenty five Years, and been seven Years a citizen of the United States,
and who shall not, when elected, be an Inhabitant of that State in which
he shall be chosen.

Representatives and direct Taxes shall be apportioned among
the several States which may be included within this Union,
according to their respective Numbers, which shall be determined
by adding to the whole number of free Persons, including those
bound to Service for a Term of Years, and excluding Indians not taxed,
three fifths of all other Persons. The actual Enumeration shall be made
within three Years after the first Meeting of the Congress of the
United States, and within every subsequent Term of ten Years,
in such Manner as they shall by law Direct. The number of
Representatives shall not exceed one for every thirty Thousand,
but each State shall have at least one Representative;
and until such enumeration shall be made, the State of New Hampshire
shall be entitled to chuse three, Massachusetts eight, Rhode Island
and Providence Plantations one, Connecticut five, New York six,
New Jersey four, Pennsylvania eight, Delaware one, Maryland six,
Virginia ten, North Carolina five, South Carolina five, and Georgia three.

When vacancies happen in the Representation from any State, the Executive
Authority thereof shall issue Writs of Election to fill such Vacancies.

The House of Representatives shall chuse their Speaker and other Officers;
and shall have the sole Power of Impeachment.

Section 3. The Senate of the United States shall be composed of
two Senators from each State, chosen by the legislature thereof,
for six Years; and each Senator shall have one Vote.

Immediately after they shall be assembled in Consequence of the first Election,
they shall be divided as equally as may be into three Classes. The Seats of
the Senators of the first Class shall be vacated at the expiration of the
second Year, of the second Class at the expiration of the fourth Year,
and of the third Class at the expiration of the sixth Year, so that one third
may be chosen every second Year; and if vacancies happen by Resignation,
or otherwise, during the recess of the Legislature of any State,
the Executive thereof may make temporary Appointments until the
next meeting of the Legislature, which shall then fill such Vacancies.

No person shall be a Senator who shall not have attained to the Age of
thirty Years, and been nine Years a Citizen of the United States,
and who shall not, when elected, be an Inhabitant of that State
for which he shall be chosen.

The Vice-President of the United States shall be President of the Senate,
but shall have no Vote, unless they be equally divided.

The Senate shall choose their other Officers, and also a President
pro tempore, in the Absence of the Vice-President, or when he shall
exercise the Office of President of the United States.

The Senate shall have the sole Power to try all Impeachments.
When sitting for that Purpose, they shall be on Oath or Affirmation.
When the President of the United States is tried, the Chief Justice
shall preside: And no Person shall be convicted without the Concurrence
of two thirds of the Members present.

Judgment in cases of Impeachment shall not extend further than to removal
from Office, and disqualification to hold and enjoy any Office of honor,
Trust or Profit under the United States: but the Party convicted shall
nevertheless be liable and subject to Indictment, Trial, Judgment and
Punishment, according to Law.

Section 4. The Times, Places and Manner of holding Elections for Senators and
Representatives, shall be prescribed in each State by the Legislature thereof;
but the Congress may at any time by Law make or alter such Regulations,
except as to the Places of chusing Senators.

The Congress shall assemble at least once in every Year,
and such Meeting shall be on the first Monday in December,
unless they shall by law appoint a different Day.

Section 5. Each House shall be the Judge of the Elections,
Returns and Qualifications of its own Members, and a
Majority of each shall constitute a Quorum to do Business;
but a smaller Number may adjourn from day to day,
and may be authorized to compel the Attendance of absent Members,
in such Manner, and under such Penalties as each House may provide.

Each house may determine the Rules of its Proceedings,
punish its Members for disorderly Behavior, and, with the
Concurrence of two-thirds, expel a Member.

Each house shall keep a Journal of its Proceedings,
and from time to time publish the same, excepting such Parts as may
in their Judgment require Secrecy; and the Yeas and Nays of the
Members of either House on any question shall, at the Desire of
one fifth of those Present, be entered on the Journal.

Neither House, during the Session of Congress, shall, without the
Consent of the other, adjourn for more than three days, nor to
any other Place than that in which the two Houses shall be sitting.

Section 6. The Senators and Representatives shall receive a Compensation
for their Services, to be ascertained by Law, and paid out of the Treasury
of the United States. They shall in all Cases, except Treason, Felony and
Breach of the Peace, be privileged from Arrest during their Attendance
at the Session of their respective Houses, and in going to and returning
from the same; and for any Speech or Debate in either House,
they shall not be questioned in any other Place.

No Senator or Representative shall, during the Time for which he was elected,
be appointed to any civil Office under the authority of the United States,
which shall have been created, or the Emoluments whereof shall have been
increased during such time; and no Person holding any Office under the
United States, shall be a Member of either House during his Continuance
in Office.

Section 7. All Bills for raising Revenue shall originate in the
House of Representatives; but the Senate may propose or concur with
Amendments as on other Bills.

Every Bill which shall have passed the House of Representatives and
the Senate, shall, before it become a Law, be presented to the
President of the United States; If he approve he shall sign it,
but if not he shall return it, with his Objections to that House
in which it shall have originated, who shall enter the Objections
at large on their Journal, and proceed to reconsider it.
If after such Reconsideration two thirds of that house
shall agree to pass the Bill, it shall be sent,
together with the Objections, to the other House, by which
it shall likewise be reconsidered, and if approved by two thirds
of that House, it shall become a law. But in all such Cases
the Votes of both Houses shall be determined by Yeas and Nays,
and the Names of the Persons voting for and against the Bill shall be
entered on the Journal of each House respectively. If any Bill
shall not be returned by the President within ten Days (Sundays excepted)
after it shall have been presented to him, the Same shall be a Law,
in like Manner as if he had signed it, unless the Congress by their
Adjournment prevent its Return, in which case it shall not be a Law.

Every Order, Resolution, or Vote to which the Concurrence of the Senate
and House of Representatives may be necessary (except on a question
of Adjournment) shall be presented to the President of the United States;
and before the Same shall take Effect, shall be approved by him,
or being disapproved by him, shall be repassed by two thirds of
the Senate and House of Representatives, according to the Rules
and Limitations prescribed in the Case of a Bill.

Section 8. The Congress shall have Power to lay and collect Taxes, Duties,
Imposts and Excises, to pay the Debts and provide for the common Defence
and general Welfare of the United States; but all Duties, Imposts and Excises
shall be uniform throughout the United States;

To borrow Money on the credit of the United States;

To regulate Commerce with foreign Nations, and among the several States,
and with the Indian Tribes;

To establish an uniform Rule of Naturalization, and uniform Laws
on the subject of Bankruptcies throughout the United States;

To coin Money, regulate the Value thereof, and of foreign Coin,
and fix the Standard of Weights and Measures;

To provide for the Punishment of counterfeiting the Securities
and current Coin of the United States;

To establish Post Offices and Post Roads;

To promote the Progress of Science and useful Arts, by securing
for limited Times to Authors and Inventors the exclusive Right
to their respective Writings and Discoveries;

To constitute Tribunals inferior to the supreme Court;

To define and punish Piracies and Felonies committed on the high Seas,
and Offenses against the Law of Nations;

To declare War, grant Letters of Marque and Reprisal,
and make Rules concerning Captures on Land and Water;

To raise and support Armies, but no Appropriation of Money to that Use
shall be for a longer term than two Years;

To provide and maintain a Navy;

To make Rules for the Government and Regulation of the land and naval Forces;

To provide for calling forth the Militia to execute the Laws of the Union,
suppress Insurrections and repel Invasions;

To provide for organizing, arming, and disciplining, the Militia, and for
governing such Part of them as may be employed in the Service of the
United States, reserving to the States respectively, the Appointment
of the Officers, and the Authority of training the militia according
to the discipline prescribed by Congress;

To exercise exclusive Legislation in all Cases whatsoever,
over such District (not exceeding ten Miles square) as may,
by Cession of particular States, and the Acceptance of Congress,
become the Seat of the Government of the United States, and to
exercise like Authority over all Places purchased by the Consent
of the Legislature of the State in which the Same shall be,
for the Erection of Forts, Magazines, Arsenals, Dockyards,
and other needful Buildings;--And

To make all Laws which shall be necessary and proper for carrying
into Execution the foregoing Powers, and all other Powers vested
by this Constitution in the Government of the United States,
or in any Department or Officer thereof.

Section 9. The Migration or Importation of such Persons as any
of the States now existing shall think proper to admit, shall not
be prohibited by the Congress prior to the Year one thousand eight
hundred and eight, but a Tax or Duty may be imposed on such Importation,
not exceeding ten dollars for each Person.

The Privilege of the Writ of Habeas Corpus shall not be suspended, unless
when in Cases of Rebellion or Invasion the public Safety may require it.

No Bill of Attainder or ex post facto Law shall be passed.

No Capitation, or other direct, Tax shall be laid, unless in Proportion
to the Census or Enumeration herein before directed to be taken.

No Tax or Duty shall be laid on Articles exported from any State.

No Preference shall be given by any Regulation of Commerce or Revenue
to the Ports of one State over those of another: nor shall Vessels bound to,
or from, one State, be obliged to enter, clear, or pay Duties in another.

No Money shall be drawn from the Treasury, but in Consequence
of Appropriations made by Law; and a regular Statement and Account
of the Receipts and Expenditures of all public Money shall be
published from time to time.

No Title of Nobility shall be granted by the United States;
and no Person holding any Office of Profit or Trust under them, shall,
without the Consent of the Congress, accept of any present, Emolument,
Office, or Title, of any kind whatever, from any King, Prince,
or foreign State.

Section 10. No State shall enter into any Treaty, Alliance, or
Confederation; grant Letters of Marque and Reprisal; coin Money;
emit Bills of Credit; make any Thing but gold and silver Coin a Tender
in Payment of Debts; pass any Bill of Attainder, ex post facto Law,
or Law impairing the Obligation of Contracts, or grant any Title of Nobility.

No State shall, without the Consent of the Congress, lay any Imposts or Duties
on Imports or Exports, except what may be absolutely necessary for executing
it's inspection Laws: and the net Produce of all Duties and Imposts,
laid by any State on Imports or Exports, shall be for the Use of the Treasury
of the United States; and all such Laws shall be subject to the Revision
and Controul of the Congress.

No State shall, without the Consent of Congress, lay any Duty of
Tonnage, keep Troops, or Ships of War in time of Peace, enter into any
Agreement or Compact with another State, or with a foreign Power, or
engage in War, unless actually invaded, or in such imminent Danger
as will not admit of delay.

ARTICLE 2

Section 1. The executive Power shall be vested in a President
of the United States of America. He shall hold his Office during
the Term of four Years, and, together with the Vice President
chosen for the same Term, be elected, as follows:

Each State shall appoint, in such Manner as the Legislature thereof may direct,
a Number of Electors, equal to the whole Number of Senators and Representatives
to which the State may be entitled in the Congress: but no Senator or
Representative, or Person holding an Office of Trust or Profit under
the United States, shall be appointed an Elector.

The Electors shall meet in their respective States, and vote by Ballot
for two Persons, of whom one at least shall not be an Inhabitant of
the same State with themselves. And they shall make a List of
all the Persons voted for, and of the Number of Votes for each;
which List they shall sign and certify, and transmit sealed to
the Seat of the Government of the United States, directed to the
President of the Senate. The President of the Senate shall,
in the Presence of the Senate and House of Representatives,
open all the Certificates, and the Votes shall then be counted.
The Person having the greatest Number of Votes shall be the President,
if such Number be a Majority of the whole Number of Electors appointed;
and if there be more than one who have such Majority, and have an equal
Number of votes, then the House of Representatives shall immediately
chuse by Ballot one of them for President; and if no Person have
a Majority, then from the five highest on the List the said House
shall in like Manner chuse the President. But in chusing the President,
the Votes shall be taken by States, the Representation from each State
having one Vote; a Quorum for this Purpose shall consist of a Member
or Members from two thirds of the States, and a Majority of all the
States shall be necessary to a Choice. In every Case, after the Choice
of the President, the Person having the greatest Number of Votes of
the Electors shall be the Vice President. But if there should remain
two or more who have equal Votes, the Senate shall chuse from them
by Ballot the Vice President.

The Congress may determine the Time of chusing the Electors,
and the Day on which they shall give their Votes; which Day
shall be the same throughout the United States.

No Person except a natural born Citizen, or a Citizen of the United States,
at the time of the Adoption of this Constitution, shall be eligible to
the Office of President; neither shall any Person be eligible to that
Office who shall not have attained to the Age of thirty five Years,
and been fourteen Years a Resident within the United States.

In Case of the Removal of the President from Office, or of his Death,
Resignation, or Inability to discharge the Powers and Duties of the
said Office, the Same shall devolve on the Vice President, and the
Congress may by Law provide for the Case of Removal, Death, Resignation
or Inability, both of the President and Vice President, declaring what
Officer shall then act as President, and such Officer shall act accordingly,
until the Disability be removed, or a President shall be elected.

The President shall, at stated Times, receive for his Services,
a Compensation, which shall neither be encreased nor diminished during
the Period for which he shall have been elected, and he shall not receive
within that Period any other Emolument from the United States, or any of them.

Before he enter on the Execution of his Office, he shall take the
following Oath or Affirmation:--""I do solemnly swear (or affirm) that
I will faithfully execute the Office of President of the United States,
and will to the best of my Ability, preserve, protect and defend the
Constitution of the United States.""

Section 2. The President shall be Commander in Chief of the Army
and Navy of the United States, and of the Militia of the several States,
when called into the actual Service of the United States;
he may require the Opinion, in writing, of the principal Officer
in each of the executive Departments, upon any Subject relating to
the Duties of their respective Offices, and he shall have Power
to grant Reprieves and Pardons for Offenses against the United States,
except in Cases of impeachment.

He shall have Power, by and with the Advice and Consent of the
Senate, to make Treaties, provided two thirds of the Senators
present concur; and he shall nominate, and by and with the Advice
and Consent of the Senate, shall appoint Ambassadors, other public
Ministers and Consuls, Judges of the supreme Court, and all other
Officers of the United States, whose Appointments are not herein
otherwise provided for, and which shall be established by Law:
but the Congress may by Law vest the Appointment of such inferior Officers,
as they think proper, in the President alone, in the Courts of Law,
or in the Heads of Departments.

The President shall have Power to fill up all Vacancies that may happen
during the Recess of the Senate, by granting Commissions which shall
expire at the End of their next session.

Section 3. He shall from time to time give to the Congress
Information of the State of the Union, and recommend to their
Consideration such Measures as he shall judge necessary and expedient;
he may, on extraordinary Occasions, convene both Houses, or either
of them, and in Case of Disagreement between them, with Respect to
the Time of Adjournment, he may adjourn them to such Time as he shall
think proper; he shall receive Ambassadors and other public Ministers;
he shall take Care that the Laws be faithfully executed, and shall
Commission all the Officers of the United States.

Section 4. The President, Vice President and all civil Officers of the
United States, shall be removed from Office on Impeachment for,
and Conviction of, Treason, Bribery, or other high Crimes and Misdemeanors.

ARTICLE THREE

Section 1. The judicial Power of the United States, shall be vested
in one supreme Court, and in such inferior Courts as the Congress may
from time to time ordain and establish. The Judges, both of the supreme
and inferior Courts, shall hold their Offices during good behavior,
and shall, at stated Times, receive for their Services, a Compensation,
which shall not be diminished during their Continuance in Office.

Section 2. The judicial Power shall extend to all Cases, in Law and Equity,
arising under this Constitution, the Laws of the United States, and Treaties
made, or which shall be made, under their Authority;--to all Cases affecting
Ambassadors, other public Ministers and Consuls;--to all Cases of admiralty
and maritime Jurisdiction;--to Controversies to which the United States
shall be a Party;--to Controversies between two or more States;--between a
State and Citizens of another State;--between Citizens of different States;
--between Citizens of the same State claiming Lands under Grants of
different States, and between a State, or the Citizens thereof,
and foreign States, Citizens or Subjects.

In all cases affecting Ambassadors, other public Ministers and Consuls,
and those in which a State shall be Party, the supreme Court shall have
original Jurisdiction. In all the other Cases before mentioned, the
supreme Court shall have appellate Jurisdiction, both as to Law and Fact,
with such Exceptions, and under such Regulations as the Congress shall make.

The Trial of all Crimes, except in Cases of Impeachment, shall be by Jury;
and such Trial shall be held in the State where the said Crimes shall
have been committed; but when not committed within any State, the Trial
shall be at such Place or Places as the Congress may by Law have directed.

Section 3. Treason against the United States, shall consist only in
levying War against them, or in adhering to their Enemies, giving them
Aid and Comfort. No Person shall be convicted of Treason unless on
the Testimony of two Witnesses to the same overt Act, or on Confession
in open Court.

The Congress shall have power to declare the punishment of Treason,
but no Attainder of Treason shall work Corruption of Blood,
or Forfeiture except during the Life of the Person attainted.

ARTICLE FOUR

Section 1. Full Faith and Credit shall be given in each State to the
public Acts, Records, and judicial Proceedings of every other State.
And the Congress may by general Laws prescribe the Manner in which such Acts,
Records, and Proceedings shall be proved, and the Effect thereof.

Section 2. The Citizens of each State shall be entitled to all
Privileges and Immunities of Citizens in the several States.

A Person charged in any State with Treason, Felony, or other Crime,
who shall flee from Justice, and be found in another State,
shall on Demand of the executive Authority of the State from
which he fled, be delivered up, to be removed to the State having
Jurisdiction of the Crime.

No person held to Service or Labor in one State, under the Laws thereof,
escaping into another, shall, in Consequence of any Law or Regulation therein,
be discharged from such Service or Labor, But shall be delivered up on Claim
of the Party to whom such Service or Labor may be due.

Section 3. New States may be admitted by the Congress into this Union;
but no new States shall be formed or erected within the Jurisdiction
of any other State; nor any State be formed by the Junction of two
or more States, or Parts of States, without the Consent of the
Legislatures of the States concerned as well as of the Congress.

The Congress shall have Power to dispose of and make all needful Rules
and Regulations respecting the Territory or other Property belonging
to the United States; and nothing in this Constitution shall be so
construed as to Prejudice any Claims of the United States,
or of any particular State.

Section 4. The United States shall guarantee to every State in this Union
a Republican Form of Government, and shall protect each of them against
Invasion; and on Application of the Legislature, or of the Executive
(when the Legislature cannot be convened) against domestic Violence.

ARTICLE FIVE

The Congress, whenever two thirds of both Houses shall deem it necessary,
shall propose Amendments to this Constitution, or, on the Application of
the Legislatures of two thirds of the several States, shall call a Convention
for proposing Amendments, which, in either Case, shall be valid to all Intents
and Purposes, as Part of this Constitution, when ratified by the Legislatures
of three fourths of the several States, or by Conventions in three fourths
thereof, as the one or the other Mode of Ratification may be proposed by
the Congress; Provided that no Amendment which may be made prior to the
Year one thousand eight hundred and eight shall in any Manner affect
the first and fourth Clauses in the ninth Section of the first Article;
and that no State, without its Consent, shall be deprived of it's
equal Suffrage in the Senate.

ARTICLE SIX

All Debts contracted and Engagements entered into, before the Adoption
of this Constitution, shall be as valid against the United States
under this Constitution, as under the Confederation.

This Constitution, and the Laws of the United States which shall be made
in Pursuance thereof; and all Treaties made, or which shall be made,
under the Authority of the United States, shall be the supreme
Law of the Land; and the Judges in every State shall be bound thereby,
any Thing in the Constitution or Laws of any State to the Contrary
notwithstanding.

The Senators and Representatives before mentioned, and the Members of the
several State Legislatures, and all executive and judicial Officers,
both of the United States and of the several States, shall be bound
by Oath or Affirmation, to support this Constitution; but no religious
Test shall ever be required as a Qualification to any Office or public Trust
under the United States

ARTICLE SEVEN

The Ratification of the Conventions of nine States, shall be sufficient for the
Establishment of this Constitution between the States so ratifying the Same.

Done in Convention by the Unanimous Consent of the States present
the Seventeenth Day of September in the Year of our Lord one
thousand seven hundred and eighty seven and of the Independence of the
United States of America the Twelfth In Witness whereof We have
hereunto subscribed our Names,

Go. WASHINGTON--
Presid. and deputy from Virginia

New Hampshire

John Langdon
Nicholas Gilman

Massachusetts

Nathaniel Gorham
Rufus King

Connecticut

Wm. Saml. Johnson
Roger Sherman

New York

Alexander Hamilton

New Jersey

Wil: Livingston
David Brearley
Wm. Paterson
Jona: Dayton

Pennsylvania

B Franklin
Thomas Mifflin
Robt Morris
Geo. Clymer
Thos FitzSimons
Jared Ingersoll
James Wilson
Gouv Morris

Delaware

Geo: Read
Gunning Bedford jun
John Dickinson
Richard Bassett
Jaco: Broom

Maryland

James Mchenry
Dan of St Thos. Jenifer
Danl Carroll

Virginia

John Blair--
James Madison Jr.

North Carolina

Wm. Blount
Rich'd Dobbs Spaight
Hu Williamson

South Carolina

J. Rutledge
Charles Cotesworth Pinckney
Charles Pinckney
Pierce Butler

Georgia

William Few
Abr Baldwin

Attest:
William Jackson, Secretary"
declaration_rights_man_1789,Declaration of the Rights of Man and of the Citizen,France National Assembly,1789,rights_declaration,en,Avalon Project,https://avalon.law.yale.edu/18th_century/rightsof.asp,D:\ThoughtMap\data\legal_texts\declaration_rights_man_1789.txt,4952,"TITLE: Declaration of the Rights of Man and of the Citizen
AUTHOR: France National Assembly
YEAR: 1789
SOURCE_TYPE: rights_declaration
SOURCE: Avalon Project
URL: https://avalon.law.yale.edu/18th_century/rightsof.asp

The representatives of the French people, organized as a National Assembly, believing that the ignorance, neglect, or contempt of the rights of man are the sole cause of public calamities and of the corruption of governments, have determined to set forth in a solemn declaration the natural, unalienable, and sacred rights of man, in order that this declaration, being constantly before all the members of the Social body, shall remind them continually of their rights and duties; in order that the acts of the legislative 
power, as well as those of the executive power, may be compared at any moment with the objects and purposes of all political institutions and may thus be more respected, and, lastly, in order that the grievances of the citizens, based hereafter upon simple and incontestable principles, shall tend to the maintenance of the constitution and redound to the happiness of all. Therefore the National Assembly recognizes and proclaims, in the presence and under the auspices of the Supreme Being, the following rights of man and of the citizen: 

Articles:

1.
Men are born and remain free and equal in rights. Social distinctions may be founded only upon the general good. 

2.
The aim of all political association is the preservation of the natural and imprescriptible rights of man. These rights are liberty, property, security, and resistance to oppression. 

3. 
The principle of all sovereignty resides essentially in the nation. No body nor individual may exercise any authority which does not proceed directly from the nation. 

4.
Liberty consists in the freedom to do everything which injures no one else; hence the exercise of the natural rights of each man has no limits except those which assure to the other members of the society the enjoyment of the same rights. These limits can only be determined by law. 

5.
Law can only prohibit such actions as are hurtful to society. Nothing may be prevented which is not forbidden by law, and no one may be forced to do anything not provided for by law. 

6.
Law is the expression of the general will. Every citizen has a right to participate personally, or through his representative, in its foundation. It must be the same for all, whether it protects or punishes. All citizens, being equal in the eyes of the law, are equally eligible to all dignities and to all public positions and occupations, according to their abilities, and without distinction except that of their virtues and talents. 

7.
No person shall be accused, arrested, or imprisoned except in the cases and according to the forms prescribed by law. Any one soliciting, transmitting, executing, or causing to be executed, any arbitrary order, shall be punished. But any citizen summoned or arrested in virtue of the law shall submit without delay, as resistance constitutes an offense. 

8.
The law shall provide for such punishments only as are strictly and obviously necessary, and no one shall suffer punishment except it be legally inflicted in virtue of a law passed and promulgated before the commission of the offense. 

9.
As all persons are held innocent until they shall have been declared guilty, if arrest shall be deemed indispensable, all harshness not essential to the securing of the prisoner's person shall be severely repressed by law. 

10.
No one shall be disquieted on account of his opinions, including his religious views, provided their manifestation does not disturb the public order established by law. 

11.
The free communication of ideas and opinions is one of the most precious of the rights of man. Every citizen may, accordingly, speak, write, and print with freedom, but shall be responsible for such abuses of this freedom as shall be defined by law. 

12.
The security of the rights of man and of the citizen requires public military forces. These forces are, therefore, established for the good of all and not for the personal advantage of those to whom they shall be intrusted. 

13.
A common contribution is essential for the maintenance of the public forces and for the cost of administration. This should be equitably distributed among all the citizens in proportion to their means. 

14.
All the citizens have a right to decide, either personally or by their representatives, as to the necessity of the public contribution; to grant this freely; to know to what uses it is put; and to fix the proportion, the mode of assessment and of collection and the duration of the taxes. 

15.
Society has the right to require of every public agent an account of his administration. 

16.
A society in which the observance of the law is not assured, nor the separation of powers defined, has no constitution at all. 

17.
Since property is an inviolable and sacred right, no one shall be deprived thereof except where public necessity, legally determined, shall clearly demand it, and then only on condition that the owner shall have been previously and equitably indemnified."
magna_carta_1215,Magna Carta 1215,England,1215,charter,en,Avalon Project,https://avalon.law.yale.edu/medieval/magframe.asp,D:\ThoughtMap\data\legal_texts\magna_carta_1215.txt,11,"TITLE: Magna Carta 1215
AUTHOR: England
YEAR: 1215
SOURCE_TYPE: charter
SOURCE: Avalon Project
URL: https://avalon.law.yale.edu/medieval/magframe.asp

Magna Carta"
