book_id,author,title,text_path,graph_path,philosophy,society,religion,love,death,nature,war,identity
1998,"Nietzsche, Friedrich Wilhelm",Thus Spake Zarathustra: A Book for All and None,"D:\ThoughtMap\gutendex_books\Nietzsche,_Friedrich_Wilhelm\1998_Thus_Spake_Zarathustra__A_Book_for_All_and_None.txt","D:\ThoughtMap\gutendex_books\Nietzsche,_Friedrich_Wilhelm\graphs\1998_Thus_Spake_Zarathustra__A_Book_for_All_and_None_thoughtmap.png",0.162854,0.07057,0.151592,0.092866,0.120113,0.154824,0.091058,0.156123
4363,"Nietzsche, Friedrich Wilhelm",Beyond Good and Evil,"D:\ThoughtMap\gutendex_books\Nietzsche,_Friedrich_Wilhelm\4363_Beyond_Good_and_Evil.txt","D:\ThoughtMap\gutendex_books\Nietzsche,_Friedrich_Wilhelm\graphs\4363_Beyond_Good_and_Evil_thoughtmap.png",0.236007,0.033861,0.1616,0.064825,0.186532,0.110858,0.057797,0.148521
52190,"Nietzsche, Friedrich Wilhelm","Ecce Homo: Complete Works, Volume Seventeen","D:\ThoughtMap\gutendex_books\Nietzsche,_Friedrich_Wilhelm\52190_Ecce_Homo__Complete_Works,_Volume_Seventeen.txt","D:\ThoughtMap\gutendex_books\Nietzsche,_Friedrich_Wilhelm\graphs\52190_Ecce_Homo__Complete_Works,_Volume_Seventeen_thoughtmap.png",0.156529,0.038947,0.129382,0.11544,0.1543,0.139982,0.089186,0.176234
51356,"Nietzsche, Friedrich Wilhelm","The Birth of Tragedy; or, Hellenism and Pessimism","D:\ThoughtMap\gutendex_books\Nietzsche,_Friedrich_Wilhelm\51356_The_Birth_of_Tragedy;_or,_Hellenism_and_Pessimism.txt","D:\ThoughtMap\gutendex_books\Nietzsche,_Friedrich_Wilhelm\graphs\51356_The_Birth_of_Tragedy;_or,_Hellenism_and_Pessimism_thoughtmap.png",0.141656,0.024905,0.131606,0.112767,0.20926,0.143208,0.106986,0.129612
52319,"Nietzsche, Friedrich Wilhelm","The Genealogy of Morals: The Complete Works, Volume Thirteen, edited by Dr. Oscar Levy.","D:\ThoughtMap\gutendex_books\Nietzsche,_Friedrich_Wilhelm\52319_The_Genealogy_of_Morals__The_Complete_Works,_Volume_Thirteen,_edited_by_Dr._Oscar_Levy..txt","D:\ThoughtMap\gutendex_books\Nietzsche,_Friedrich_Wilhelm\graphs\52319_The_Genealogy_of_Morals__The_Complete_Works,_Volume_Thirteen,_edited_by_Dr._Oscar_Levy._thoughtmap.png",0.1831,0.130782,0.149665,0.074047,0.105042,0.124244,0.096237,0.136883
52263,"Nietzsche, Friedrich Wilhelm","The Twilight of the Idols; or, How to Philosophize with the Hammer. The Antichrist: Complete Works, Volume Sixteen","D:\ThoughtMap\gutendex_books\Nietzsche,_Friedrich_Wilhelm\52263_The_Twilight_of_the_Idols;_or,_How_to_Philosophize_with_the_Hammer._The_Antichrist__Complete_Works,_.txt","D:\ThoughtMap\gutendex_books\Nietzsche,_Friedrich_Wilhelm\graphs\52263_The_Twilight_of_the_Idols;_or,_How_to_Philosophize_with_the_Hammer._The_Antichrist__Complete_Works,__thoughtmap.png",0.180916,0.0,0.181022,0.094658,0.121776,0.156198,0.113536,0.151895
25012,"Nietzsche, Friedrich Wilhelm","The Case of Wagner, Nietzsche Contra Wagner, and Selected Aphorisms.","D:\ThoughtMap\gutendex_books\Nietzsche,_Friedrich_Wilhelm\25012_The_Case_of_Wagner,_Nietzsche_Contra_Wagner,_and_Selected_Aphorisms..txt","D:\ThoughtMap\gutendex_books\Nietzsche,_Friedrich_Wilhelm\graphs\25012_The_Case_of_Wagner,_Nietzsche_Contra_Wagner,_and_Selected_Aphorisms._thoughtmap.png",0.174519,0.059261,0.13006,0.068619,0.16234,0.169428,0.093168,0.142606
19322,"Nietzsche, Friedrich Wilhelm",The Antichrist,"D:\ThoughtMap\gutendex_books\Nietzsche,_Friedrich_Wilhelm\19322_The_Antichrist.txt","D:\ThoughtMap\gutendex_books\Nietzsche,_Friedrich_Wilhelm\graphs\19322_The_Antichrist_thoughtmap.png",0.232321,0.032665,0.101249,0.05629,0.15195,0.31325,0.017176,0.0951
38145,"Nietzsche, Friedrich Wilhelm","Human, All Too Human: A Book for Free Spirits","D:\ThoughtMap\gutendex_books\Nietzsche,_Friedrich_Wilhelm\38145_Human,_All_Too_Human__A_Book_for_Free_Spirits.txt","D:\ThoughtMap\gutendex_books\Nietzsche,_Friedrich_Wilhelm\graphs\38145_Human,_All_Too_Human__A_Book_for_Free_Spirits_thoughtmap.png",0.205602,0.101765,0.131746,0.084619,0.112795,0.137072,0.051338,0.175064
52915,"Nietzsche, Friedrich Wilhelm",The Will to Power: An Attempted Transvaluation of All Values. Book III and IV,"D:\ThoughtMap\gutendex_books\Nietzsche,_Friedrich_Wilhelm\52915_The_Will_to_Power__An_Attempted_Transvaluation_of_All_Values._Book_III_and_IV.txt","D:\ThoughtMap\gutendex_books\Nietzsche,_Friedrich_Wilhelm\graphs\52915_The_Will_to_Power__An_Attempted_Transvaluation_of_All_Values._Book_III_and_IV_thoughtmap.png",0.135923,0.084568,0.093541,0.062748,0.11217,0.17771,0.145122,0.188219
1600,Plato,Symposium,D:\ThoughtMap\gutendex_books\Plato\1600_Symposium.txt,D:\ThoughtMap\gutendex_books\Plato\graphs\1600_Symposium_thoughtmap.png,0.184649,0.043536,0.162929,0.107799,0.152597,0.150542,0.042539,0.15541
1658,Plato,Phaedo,D:\ThoughtMap\gutendex_books\Plato\1658_Phaedo.txt,D:\ThoughtMap\gutendex_books\Plato\graphs\1658_Phaedo_thoughtmap.png,0.179945,0.068121,0.133063,0.108873,0.159655,0.161195,0.071133,0.118014
1636,Plato,Phaedrus,D:\ThoughtMap\gutendex_books\Plato\1636_Phaedrus.txt,D:\ThoughtMap\gutendex_books\Plato\graphs\1636_Phaedrus_thoughtmap.png,0.176748,0.066981,0.14385,0.160417,0.115158,0.13548,0.057201,0.144166
1656,Plato,Apology,D:\ThoughtMap\gutendex_books\Plato\1656_Apology.txt,D:\ThoughtMap\gutendex_books\Plato\graphs\1656_Apology_thoughtmap.png,0.236858,0.024201,0.14881,0.094031,0.163221,0.130062,0.062228,0.140588
55201,Plato,The Republic of Plato,D:\ThoughtMap\gutendex_books\Plato\55201_The_Republic_of_Plato.txt,D:\ThoughtMap\gutendex_books\Plato\graphs\55201_The_Republic_of_Plato_thoughtmap.png,0.176453,0.079136,0.152688,0.082402,0.103999,0.152451,0.087503,0.165369
1672,Plato,Gorgias,D:\ThoughtMap\gutendex_books\Plato\1672_Gorgias.txt,D:\ThoughtMap\gutendex_books\Plato\graphs\1672_Gorgias_thoughtmap.png,0.199117,0.061139,0.142753,0.118164,0.125114,0.144415,0.075543,0.133755
1750,Plato,Laws,D:\ThoughtMap\gutendex_books\Plato\1750_Laws.txt,D:\ThoughtMap\gutendex_books\Plato\graphs\1750_Laws_thoughtmap.png,0.268898,0.071687,0.146465,0.044347,0.181196,0.093368,0.0527,0.14134
1572,Plato,Timaeus,D:\ThoughtMap\gutendex_books\Plato\1572_Timaeus.txt,D:\ThoughtMap\gutendex_books\Plato\graphs\1572_Timaeus_thoughtmap.png,0.154802,0.077532,0.103953,0.114174,0.130821,0.186214,0.082553,0.149952
1726,Plato,Theaetetus,D:\ThoughtMap\gutendex_books\Plato\1726_Theaetetus.txt,D:\ThoughtMap\gutendex_books\Plato\graphs\1726_Theaetetus_thoughtmap.png,0.190682,0.091833,0.139279,0.13687,0.11826,0.133921,0.053842,0.135314
2680,"Marcus Aurelius, Emperor of Rome",Meditations,"D:\ThoughtMap\gutendex_books\Marcus_Aurelius,_Emperor_of_Rome\2680_Meditations.txt","D:\ThoughtMap\gutendex_books\Marcus_Aurelius,_Emperor_of_Rome\graphs\2680_Meditations_thoughtmap.png",0.160896,0.052571,0.159668,0.100754,0.147618,0.162636,0.096356,0.1195
15877,"Marcus Aurelius, Emperor of Rome",Thoughts of Marcus Aurelius Antoninus,"D:\ThoughtMap\gutendex_books\Marcus_Aurelius,_Emperor_of_Rome\15877_Thoughts_of_Marcus_Aurelius_Antoninus.txt","D:\ThoughtMap\gutendex_books\Marcus_Aurelius,_Emperor_of_Rome\graphs\15877_Thoughts_of_Marcus_Aurelius_Antoninus_thoughtmap.png",0.181709,0.043556,0.116918,0.114085,0.158699,0.174993,0.067652,0.142387
55317,"Marcus Aurelius, Emperor of Rome",The Meditations of the Emperor Marcus Aurelius Antoninus: A new rendering based on the Foulis translation of 1742,"D:\ThoughtMap\gutendex_books\Marcus_Aurelius,_Emperor_of_Rome\55317_The_Meditations_of_the_Emperor_Marcus_Aurelius_Antoninus__A_new_rendering_based_on_the_Foulis_transl.txt","D:\ThoughtMap\gutendex_books\Marcus_Aurelius,_Emperor_of_Rome\graphs\55317_The_Meditations_of_the_Emperor_Marcus_Aurelius_Antoninus__A_new_rendering_based_on_the_Foulis_transl_thoughtmap.png",0.134164,0.066837,0.107887,0.100498,0.144408,0.185471,0.10672,0.154014
34122,"Dill, Samuel",Roman Society from Nero to Marcus Aurelius,"D:\ThoughtMap\gutendex_books\Dill,_Samuel\34122_Roman_Society_from_Nero_to_Marcus_Aurelius.txt","D:\ThoughtMap\gutendex_books\Dill,_Samuel\graphs\34122_Roman_Society_from_Nero_to_Marcus_Aurelius_thoughtmap.png",0.179822,0.08209,0.047773,0.065887,0.138468,0.262854,0.107217,0.115888
59784,"Marcus Aurelius, Emperor of Rome",Index of the Project Gutenberg Works of Marcus Aurelius Antoninus,"D:\ThoughtMap\gutendex_books\Marcus_Aurelius,_Emperor_of_Rome\59784_Index_of_the_Project_Gutenberg_Works_of_Marcus_Aurelius_Antoninus.txt","D:\ThoughtMap\gutendex_books\Marcus_Aurelius,_Emperor_of_Rome\graphs\59784_Index_of_the_Project_Gutenberg_Works_of_Marcus_Aurelius_Antoninus_thoughtmap.png",0.116556,0.03373,0.107025,0.117788,0.167894,0.197543,0.135105,0.124359
6920,"Marcus Aurelius, Emperor of Rome",Thoughts of Marcus Aurelius,"D:\ThoughtMap\gutendex_books\Marcus_Aurelius,_Emperor_of_Rome\6920_Thoughts_of_Marcus_Aurelius.txt","D:\ThoughtMap\gutendex_books\Marcus_Aurelius,_Emperor_of_Rome\graphs\6920_Thoughts_of_Marcus_Aurelius_thoughtmap.png",0.136467,0.042318,0.133819,0.117761,0.135346,0.186408,0.103119,0.144761
7525,"Cruttwell, Charles Thomas",The History of Roman Literature: From the Earliest Period to the Death of Marcus Aurelius,"D:\ThoughtMap\gutendex_books\Cruttwell,_Charles_Thomas\7525_The_History_of_Roman_Literature__From_the_Earliest_Period_to_the_Death_of_Marcus_Aurelius.txt","D:\ThoughtMap\gutendex_books\Cruttwell,_Charles_Thomas\graphs\7525_The_History_of_Roman_Literature__From_the_Earliest_Period_to_the_Death_of_Marcus_Aurelius_thoughtmap.png",0.15163,0.030013,0.107336,0.122665,0.238703,0.104737,0.081153,0.163763
42865,"Renan, Ernest",English Conferences of Ernest Renan: Rome and Christianity. Marcus Aurelius,"D:\ThoughtMap\gutendex_books\Renan,_Ernest\42865_English_Conferences_of_Ernest_Renan__Rome_and_Christianity._Marcus_Aurelius.txt","D:\ThoughtMap\gutendex_books\Renan,_Ernest\graphs\42865_English_Conferences_of_Ernest_Renan__Rome_and_Christianity._Marcus_Aurelius_thoughtmap.png",0.14423,0.064019,0.171464,0.135641,0.111543,0.150368,0.078051,0.144685
78320,"Joy, John C. (John Chrisentia)",The Emperor Marcus Aurelius : $b A study in ideals,"D:\ThoughtMap\gutendex_books\Joy,_John_C._(John_Chrisentia)\78320_The_Emperor_Marcus_Aurelius___$b_A_study_in_ideals.txt","D:\ThoughtMap\gutendex_books\Joy,_John_C._(John_Chrisentia)\graphs\78320_The_Emperor_Marcus_Aurelius___$b_A_study_in_ideals_thoughtmap.png",0.040136,0.069297,0.073815,0.138964,0.192061,0.170481,0.14341,0.171835
98,"Dickens, Charles",A Tale of Two Cities,"D:\ThoughtMap\gutendex_books\Dickens,_Charles\98_A_Tale_of_Two_Cities.txt","D:\ThoughtMap\gutendex_books\Dickens,_Charles\graphs\98_A_Tale_of_Two_Cities_thoughtmap.png",0.07369,0.110548,0.042019,0.110859,0.180598,0.224551,0.108812,0.148923
25851,"Forster, John","The Life of Charles Dickens, Vol. I-III, Complete","D:\ThoughtMap\gutendex_books\Forster,_John\25851_The_Life_of_Charles_Dickens,_Vol._I-III,_Complete.txt","D:\ThoughtMap\gutendex_books\Forster,_John\graphs\25851_The_Life_of_Charles_Dickens,_Vol._I-III,_Complete_thoughtmap.png",0.158263,0.076153,0.113701,0.121402,0.212589,0.145095,0.046864,0.125933
1400,"Dickens, Charles",Great Expectations,"D:\ThoughtMap\gutendex_books\Dickens,_Charles\1400_Great_Expectations.txt","D:\ThoughtMap\gutendex_books\Dickens,_Charles\graphs\1400_Great_Expectations_thoughtmap.png",0.081985,0.093298,0.03818,0.165242,0.200578,0.210503,0.064132,0.146084
564,"Dickens, Charles",The Mystery of Edwin Drood,"D:\ThoughtMap\gutendex_books\Dickens,_Charles\564_The_Mystery_of_Edwin_Drood.txt","D:\ThoughtMap\gutendex_books\Dickens,_Charles\graphs\564_The_Mystery_of_Edwin_Drood_thoughtmap.png",0.157004,0.120311,0.115171,0.094393,0.170681,0.168029,0.065977,0.108434
46,"Dickens, Charles",A Christmas Carol in Prose; Being a Ghost Story of Christmas,"D:\ThoughtMap\gutendex_books\Dickens,_Charles\46_A_Christmas_Carol_in_Prose;_Being_a_Ghost_Story_of_Christmas.txt","D:\ThoughtMap\gutendex_books\Dickens,_Charles\graphs\46_A_Christmas_Carol_in_Prose;_Being_a_Ghost_Story_of_Christmas_thoughtmap.png",0.164809,0.039771,0.119634,0.158787,0.186042,0.184682,0.015798,0.130479
766,"Dickens, Charles",David Copperfield,"D:\ThoughtMap\gutendex_books\Dickens,_Charles\766_David_Copperfield.txt","D:\ThoughtMap\gutendex_books\Dickens,_Charles\graphs\766_David_Copperfield_thoughtmap.png",0.134679,0.084712,0.086316,0.106586,0.192437,0.115702,0.080881,0.198688
47530,"Dickens, Charles","Oliver Twist, Vol. 2 (of 3)","D:\ThoughtMap\gutendex_books\Dickens,_Charles\47530_Oliver_Twist,_Vol._2_(of_3).txt","D:\ThoughtMap\gutendex_books\Dickens,_Charles\graphs\47530_Oliver_Twist,_Vol._2_(of_3)_thoughtmap.png",0.058771,0.029143,0.000969,0.175107,0.19373,0.220158,0.177783,0.144339
1023,"Dickens, Charles",Bleak House,"D:\ThoughtMap\gutendex_books\Dickens,_Charles\1023_Bleak_House.txt","D:\ThoughtMap\gutendex_books\Dickens,_Charles\graphs\1023_Bleak_House_thoughtmap.png",0.153955,0.098278,0.147736,0.097788,0.169806,0.15085,0.069939,0.111649
730,"Dickens, Charles",Oliver Twist,"D:\ThoughtMap\gutendex_books\Dickens,_Charles\730_Oliver_Twist.txt","D:\ThoughtMap\gutendex_books\Dickens,_Charles\graphs\730_Oliver_Twist_thoughtmap.png",0.110315,0.080201,0.033987,0.128074,0.202157,0.18533,0.112616,0.147318
9695,"Dickens, Charles",Bleak House,"D:\ThoughtMap\gutendex_books\Dickens,_Charles\9695_Bleak_House.txt","D:\ThoughtMap\gutendex_books\Dickens,_Charles\graphs\9695_Bleak_House_thoughtmap.png",0.132257,0.0,0.0,0.136404,0.332282,0.303827,0.0,0.09523
2600,"Tolstoy, Leo, graf",War and Peace,"D:\ThoughtMap\gutendex_books\Tolstoy,_Leo,_graf\2600_War_and_Peace.txt","D:\ThoughtMap\gutendex_books\Tolstoy,_Leo,_graf\graphs\2600_War_and_Peace_thoughtmap.png",0.053479,0.094431,0.109682,0.101177,0.123793,0.162407,0.27323,0.081801
1399,"Tolstoy, Leo, graf",Anna Karenina,"D:\ThoughtMap\gutendex_books\Tolstoy,_Leo,_graf\1399_Anna_Karenina.txt","D:\ThoughtMap\gutendex_books\Tolstoy,_Leo,_graf\graphs\1399_Anna_Karenina_thoughtmap.png",0.084614,0.167816,0.090185,0.202408,0.153858,0.104035,0.035657,0.161427
28920,"Tolstoy, Leo, graf","War and Peace, Book 01: 1805","D:\ThoughtMap\gutendex_books\Tolstoy,_Leo,_graf\28920_War_and_Peace,_Book_01__1805.txt","D:\ThoughtMap\gutendex_books\Tolstoy,_Leo,_graf\graphs\28920_War_and_Peace,_Book_01__1805_thoughtmap.png",0.140389,0.057622,0.121743,0.077335,0.152031,0.159799,0.223132,0.067948
27726,"Tolstoy, Leo, graf",Tolstoy on Shakespeare: A Critical Essay on Shakespeare,"D:\ThoughtMap\gutendex_books\Tolstoy,_Leo,_graf\27726_Tolstoy_on_Shakespeare__A_Critical_Essay_on_Shakespeare.txt","D:\ThoughtMap\gutendex_books\Tolstoy,_Leo,_graf\graphs\27726_Tolstoy_on_Shakespeare__A_Critical_Essay_on_Shakespeare_thoughtmap.png",0.326783,0.0,0.161801,0.0,0.122907,0.221202,0.008285,0.159023
6157,"Tolstoy, Leo, graf","What Men Live By, and Other Tales","D:\ThoughtMap\gutendex_books\Tolstoy,_Leo,_graf\6157_What_Men_Live_By,_and_Other_Tales.txt","D:\ThoughtMap\gutendex_books\Tolstoy,_Leo,_graf\graphs\6157_What_Men_Live_By,_and_Other_Tales_thoughtmap.png",0.130522,0.104021,0.141203,0.113615,0.173852,0.117462,0.086695,0.13263
64908,"Tolstoy, Leo, graf",What Is Art?,"D:\ThoughtMap\gutendex_books\Tolstoy,_Leo,_graf\64908_What_Is_Art.txt","D:\ThoughtMap\gutendex_books\Tolstoy,_Leo,_graf\graphs\64908_What_Is_Art_thoughtmap.png",0.165072,0.108376,0.11702,0.153512,0.088509,0.123292,0.100859,0.143358
26663,"Tolstoy, Leo, graf",Fruits of Culture,"D:\ThoughtMap\gutendex_books\Tolstoy,_Leo,_graf\26663_Fruits_of_Culture.txt","D:\ThoughtMap\gutendex_books\Tolstoy,_Leo,_graf\graphs\26663_Fruits_of_Culture_thoughtmap.png",0.193429,0.069206,0.148547,0.088934,0.083075,0.222849,0.065048,0.128912
26661,"Tolstoy, Leo, graf",The Power of Darkness,"D:\ThoughtMap\gutendex_books\Tolstoy,_Leo,_graf\26661_The_Power_of_Darkness.txt","D:\ThoughtMap\gutendex_books\Tolstoy,_Leo,_graf\graphs\26661_The_Power_of_Darkness_thoughtmap.png",0.202647,0.0,0.098366,0.058695,0.122605,0.261704,0.126898,0.129085
43302,"Tolstoy, Leo, graf","""The Kingdom of God Is Within You"": Christianity Not as a Mystic Religion but as a New Theory of Life","D:\ThoughtMap\gutendex_books\Tolstoy,_Leo,_graf\43302_The_Kingdom_of_God_Is_Within_You___Christianity_Not_as_a_Mystic_Religion_but_as_a_New_Theory_of_Life.txt","D:\ThoughtMap\gutendex_books\Tolstoy,_Leo,_graf\graphs\43302_The_Kingdom_of_God_Is_Within_You___Christianity_Not_as_a_Mystic_Religion_but_as_a_New_Theory_of_Life_thoughtmap.png",0.171578,0.055224,0.202009,0.072579,0.123333,0.144596,0.124056,0.106625
59195,"Tolstoy, Leo, graf",Index of the Project Gutenberg Works of Leon Tolstoy,"D:\ThoughtMap\gutendex_books\Tolstoy,_Leo,_graf\59195_Index_of_the_Project_Gutenberg_Works_of_Leon_Tolstoy.txt","D:\ThoughtMap\gutendex_books\Tolstoy,_Leo,_graf\graphs\59195_Index_of_the_Project_Gutenberg_Works_of_Leon_Tolstoy_thoughtmap.png",0.10712,0.045834,0.106852,0.093725,0.124575,0.175947,0.166657,0.179289
59196,"Dostoyevsky, Fyodor",Index of the Project Gutenberg Works of Fyodor Dostoevsky,"D:\ThoughtMap\gutendex_books\Dostoyevsky,_Fyodor\59196_Index_of_the_Project_Gutenberg_Works_of_Fyodor_Dostoevsky.txt","D:\ThoughtMap\gutendex_books\Dostoyevsky,_Fyodor\graphs\59196_Index_of_the_Project_Gutenberg_Works_of_Fyodor_Dostoevsky_thoughtmap.png",0.111686,0.038705,0.010605,0.015323,0.203401,0.215015,0.220457,0.184808
1342,"Austen, Jane",Pride and Prejudice,"D:\ThoughtMap\gutendex_books\Austen,_Jane\1342_Pride_and_Prejudice.txt","D:\ThoughtMap\gutendex_books\Austen,_Jane\graphs\1342_Pride_and_Prejudice_thoughtmap.png",0.126918,0.112856,0.081908,0.207231,0.109816,0.147137,0.071275,0.14286
42671,"Austen, Jane",Pride and Prejudice,"D:\ThoughtMap\gutendex_books\Austen,_Jane\42671_Pride_and_Prejudice.txt","D:\ThoughtMap\gutendex_books\Austen,_Jane\graphs\42671_Pride_and_Prejudice_thoughtmap.png",0.164053,0.0,0.0,0.0,0.360776,0.46939,0.005781,0.0
31100,"Austen, Jane",The Complete Project Gutenberg Works of Jane Austen: A Linked Index of all PG Editions of Jane Austen,"D:\ThoughtMap\gutendex_books\Austen,_Jane\31100_The_Complete_Project_Gutenberg_Works_of_Jane_Austen__A_Linked_Index_of_all_PG_Editions_of_Jane_Auste.txt","D:\ThoughtMap\gutendex_books\Austen,_Jane\graphs\31100_The_Complete_Project_Gutenberg_Works_of_Jane_Austen__A_Linked_Index_of_all_PG_Editions_of_Jane_Auste_thoughtmap.png",0.10616,0.09091,0.065369,0.198488,0.136687,0.207617,0.082798,0.11197
21839,"Austen, Jane",Sense and Sensibility,"D:\ThoughtMap\gutendex_books\Austen,_Jane\21839_Sense_and_Sensibility.txt","D:\ThoughtMap\gutendex_books\Austen,_Jane\graphs\21839_Sense_and_Sensibility_thoughtmap.png",0.161281,0.0,0.0,0.10906,0.161042,0.37504,0.0,0.193577
161,"Austen, Jane",Sense and Sensibility,"D:\ThoughtMap\gutendex_books\Austen,_Jane\161_Sense_and_Sensibility.txt","D:\ThoughtMap\gutendex_books\Austen,_Jane\graphs\161_Sense_and_Sensibility_thoughtmap.png",0.126373,0.137595,0.038255,0.16803,0.123758,0.184733,0.084419,0.136837
1212,"Austen, Jane",Love and Freindship [sic],"D:\ThoughtMap\gutendex_books\Austen,_Jane\1212_Love_and_Freindship_[sic].txt","D:\ThoughtMap\gutendex_books\Austen,_Jane\graphs\1212_Love_and_Freindship_[sic]_thoughtmap.png",0.0933,0.093257,0.104632,0.266888,0.112861,0.117029,0.06499,0.147042
121,"Austen, Jane",Northanger Abbey,"D:\ThoughtMap\gutendex_books\Austen,_Jane\121_Northanger_Abbey.txt","D:\ThoughtMap\gutendex_books\Austen,_Jane\graphs\121_Northanger_Abbey_thoughtmap.png",0.076575,0.11679,0.057214,0.16855,0.132006,0.254178,0.094579,0.100108
158,"Austen, Jane",Emma,"D:\ThoughtMap\gutendex_books\Austen,_Jane\158_Emma.txt","D:\ThoughtMap\gutendex_books\Austen,_Jane\graphs\158_Emma_thoughtmap.png",0.028707,0.125331,0.020184,0.138203,0.160202,0.286719,0.17598,0.064674
19839,"Austen, Jane",Emma,"D:\ThoughtMap\gutendex_books\Austen,_Jane\19839_Emma.txt","D:\ThoughtMap\gutendex_books\Austen,_Jane\graphs\19839_Emma_thoughtmap.png",0.126308,0.058082,0.0,0.162859,0.163296,0.322008,0.092111,0.075336
26301,"Austen, Jane",Pride and Prejudice,"D:\ThoughtMap\gutendex_books\Austen,_Jane\26301_Pride_and_Prejudice.txt","D:\ThoughtMap\gutendex_books\Austen,_Jane\graphs\26301_Pride_and_Prejudice_thoughtmap.png",0.167841,0.122946,0.035611,0.191361,0.126793,0.165471,0.058201,0.131776
1260,"Brontë, Charlotte",Jane Eyre: An Autobiography,"D:\ThoughtMap\gutendex_books\Brontë,_Charlotte\1260_Jane_Eyre__An_Autobiography.txt","D:\ThoughtMap\gutendex_books\Brontë,_Charlotte\graphs\1260_Jane_Eyre__An_Autobiography_thoughtmap.png",0.10278,0.098924,0.012028,0.156961,0.116197,0.260142,0.080937,0.172031
21181,"Brontë, Charlotte",Villette,"D:\ThoughtMap\gutendex_books\Brontë,_Charlotte\21181_Villette.txt","D:\ThoughtMap\gutendex_books\Brontë,_Charlotte\graphs\21181_Villette_thoughtmap.png",0.134661,0.022172,0.0,0.119527,0.152783,0.409088,0.002161,0.159608
23077,"Brontë, Charlotte",Jane Eyre,"D:\ThoughtMap\gutendex_books\Brontë,_Charlotte\23077_Jane_Eyre.txt","D:\ThoughtMap\gutendex_books\Brontë,_Charlotte\graphs\23077_Jane_Eyre_thoughtmap.png",0.117573,0.039953,0.0,0.116119,0.195581,0.41009,0.0236,0.097085
9182,"Brontë, Charlotte",Villette,"D:\ThoughtMap\gutendex_books\Brontë,_Charlotte\9182_Villette.txt","D:\ThoughtMap\gutendex_books\Brontë,_Charlotte\graphs\9182_Villette_thoughtmap.png",0.067839,0.021228,0.051916,0.148781,0.198156,0.227452,0.161023,0.123605
30486,"Brontë, Charlotte",Shirley,"D:\ThoughtMap\gutendex_books\Brontë,_Charlotte\30486_Shirley.txt","D:\ThoughtMap\gutendex_books\Brontë,_Charlotte\graphs\30486_Shirley_thoughtmap.png",0.128817,0.0,0.046702,0.237286,0.191473,0.156731,0.080902,0.158089
19011,"Shorter, Clement King",Charlotte Brontë and Her Circle,"D:\ThoughtMap\gutendex_books\Shorter,_Clement_King\19011_Charlotte_Brontë_and_Her_Circle.txt","D:\ThoughtMap\gutendex_books\Shorter,_Clement_King\graphs\19011_Charlotte_Brontë_and_Her_Circle_thoughtmap.png",0.479584,0.0,0.0,0.0,0.0,0.354956,0.165459,0.0
1028,"Brontë, Charlotte",The Professor,"D:\ThoughtMap\gutendex_books\Brontë,_Charlotte\1028_The_Professor.txt","D:\ThoughtMap\gutendex_books\Brontë,_Charlotte\graphs\1028_The_Professor_thoughtmap.png",0.117374,0.117948,0.05744,0.0,0.156647,0.336013,0.12083,0.093748
40655,"Malham-Dembleby, John","The Key to the Brontë Works: The Key to Charlotte Brontë's 'Wuthering Heights,' 'Jane Eyre,' and her other works.","D:\ThoughtMap\gutendex_books\Malham-Dembleby,_John\40655_The_Key_to_the_Brontë_Works__The_Key_to_Charlotte_Brontë's_'Wuthering_Heights,'_'Jane_Eyre,'_and_her.txt","D:\ThoughtMap\gutendex_books\Malham-Dembleby,_John\graphs\40655_The_Key_to_the_Brontë_Works__The_Key_to_Charlotte_Brontë's_'Wuthering_Heights,'_'Jane_Eyre,'_and_her_thoughtmap.png",0.147914,0.039349,0.100139,0.077888,0.151765,0.195288,0.143596,0.144061
1827,"Gaskell, Elizabeth Cleghorn",The Life of Charlotte Brontë — Volume 1,"D:\ThoughtMap\gutendex_books\Gaskell,_Elizabeth_Cleghorn\1827_The_Life_of_Charlotte_Brontë_—_Volume_1.txt","D:\ThoughtMap\gutendex_books\Gaskell,_Elizabeth_Cleghorn\graphs\1827_The_Life_of_Charlotte_Brontë_—_Volume_1_thoughtmap.png",0.413374,0.0,0.0,0.0,0.0,0.353767,0.23286,0.0
1700,"Gaskell, Elizabeth Cleghorn",The Life of Charlotte Brontë — Volume 2,"D:\ThoughtMap\gutendex_books\Gaskell,_Elizabeth_Cleghorn\1700_The_Life_of_Charlotte_Brontë_—_Volume_2.txt","D:\ThoughtMap\gutendex_books\Gaskell,_Elizabeth_Cleghorn\graphs\1700_The_Life_of_Charlotte_Brontë_—_Volume_2_thoughtmap.png",0.107254,0.030537,0.075737,0.170395,0.235523,0.174241,0.021591,0.184723
2087,"Darwin, Charles",Life and Letters of Charles Darwin — Volume 1,"D:\ThoughtMap\gutendex_books\Darwin,_Charles\2087_Life_and_Letters_of_Charles_Darwin_—_Volume_1.txt","D:\ThoughtMap\gutendex_books\Darwin,_Charles\graphs\2087_Life_and_Letters_of_Charles_Darwin_—_Volume_1_thoughtmap.png",0.153891,0.096508,0.088751,0.112587,0.165008,0.165733,0.030756,0.186767
2739,"Darwin, Charles",More Letters of Charles Darwin — Volume 1: A Record of His Work in a Series of Hitherto Unpublished Letters,"D:\ThoughtMap\gutendex_books\Darwin,_Charles\2739_More_Letters_of_Charles_Darwin_—_Volume_1__A_Record_of_His_Work_in_a_Series_of_Hitherto_Unpublished_.txt","D:\ThoughtMap\gutendex_books\Darwin,_Charles\graphs\2739_More_Letters_of_Charles_Darwin_—_Volume_1__A_Record_of_His_Work_in_a_Series_of_Hitherto_Unpublished__thoughtmap.png",0.184521,0.07419,0.131634,0.083985,0.132899,0.222496,0.048388,0.121887
22764,"Darwin, Charles",On the Origin of Species by Means of Natural Selection: or the Preservation of Favoured Races in the Struggle for Life. (2nd edition),"D:\ThoughtMap\gutendex_books\Darwin,_Charles\22764_On_the_Origin_of_Species_by_Means_of_Natural_Selection__or_the_Preservation_of_Favoured_Races_in_the.txt","D:\ThoughtMap\gutendex_books\Darwin,_Charles\graphs\22764_On_the_Origin_of_Species_by_Means_of_Natural_Selection__or_the_Preservation_of_Favoured_Races_in_the_thoughtmap.png",0.160573,0.085473,0.144888,0.0795,0.102672,0.210214,0.096022,0.120658
24923,"Darwin, Charles","The Variation of Animals and Plants Under Domestication, Vol. I.","D:\ThoughtMap\gutendex_books\Darwin,_Charles\24923_The_Variation_of_Animals_and_Plants_Under_Domestication,_Vol._I..txt","D:\ThoughtMap\gutendex_books\Darwin,_Charles\graphs\24923_The_Variation_of_Animals_and_Plants_Under_Domestication,_Vol._I._thoughtmap.png",0.078218,0.094213,0.052973,0.079789,0.129911,0.381319,0.07669,0.106888
1228,"Darwin, Charles","On the Origin of Species By Means of Natural Selection: Or, the Preservation of Favoured Races in the Struggle for Life","D:\ThoughtMap\gutendex_books\Darwin,_Charles\1228_On_the_Origin_of_Species_By_Means_of_Natural_Selection__Or,_the_Preservation_of_Favoured_Races_in_th.txt","D:\ThoughtMap\gutendex_books\Darwin,_Charles\graphs\1228_On_the_Origin_of_Species_By_Means_of_Natural_Selection__Or,_the_Preservation_of_Favoured_Races_in_th_thoughtmap.png",0.076647,0.102097,0.053565,0.11521,0.192187,0.246767,0.102276,0.111251
2009,"Darwin, Charles","The Origin of Species by Means of Natural Selection: Or, the Preservation of Favoured Races in the Struggle for Life, 6th Edition","D:\ThoughtMap\gutendex_books\Darwin,_Charles\2009_The_Origin_of_Species_by_Means_of_Natural_Selection__Or,_the_Preservation_of_Favoured_Races_in_the_S.txt","D:\ThoughtMap\gutendex_books\Darwin,_Charles\graphs\2009_The_Origin_of_Species_by_Means_of_Natural_Selection__Or,_the_Preservation_of_Favoured_Races_in_the_S_thoughtmap.png",0.098585,0.117233,0.054341,0.111996,0.094407,0.318193,0.092211,0.113034
23427,"Butler, Samuel","Evolution, Old & New: Or, the Theories of Buffon, Dr. Erasmus Darwin and Lamarck,; as compared with that of Charles Darwin","D:\ThoughtMap\gutendex_books\Butler,_Samuel\23427_Evolution,_Old_&_New__Or,_the_Theories_of_Buffon,_Dr._Erasmus_Darwin_and_Lamarck,;_as_compared_with_.txt","D:\ThoughtMap\gutendex_books\Butler,_Samuel\graphs\23427_Evolution,_Old_&_New__Or,_the_Theories_of_Buffon,_Dr._Erasmus_Darwin_and_Lamarck,;_as_compared_with__thoughtmap.png",0.198173,0.072774,0.056769,0.051377,0.159065,0.22382,0.008334,0.229689
22728,"Darwin, Charles",The Foundations of the Origin of Species: Two Essays written in 1842 and 1844,"D:\ThoughtMap\gutendex_books\Darwin,_Charles\22728_The_Foundations_of_the_Origin_of_Species__Two_Essays_written_in_1842_and_1844.txt","D:\ThoughtMap\gutendex_books\Darwin,_Charles\graphs\22728_The_Foundations_of_the_Origin_of_Species__Two_Essays_written_in_1842_and_1844_thoughtmap.png",0.177148,0.082077,0.106194,0.057573,0.06182,0.318643,0.065506,0.131039
21153,"Darwin, Charles",On the Origin of Species by Means of Natural Selection,"D:\ThoughtMap\gutendex_books\Darwin,_Charles\21153_On_the_Origin_of_Species_by_Means_of_Natural_Selection.txt","D:\ThoughtMap\gutendex_books\Darwin,_Charles\graphs\21153_On_the_Origin_of_Species_by_Means_of_Natural_Selection_thoughtmap.png",0.182928,0.123836,0.065788,0.07794,0.084739,0.28867,0.04372,0.132379
1227,"Darwin, Charles",The Expression of the Emotions in Man and Animals,"D:\ThoughtMap\gutendex_books\Darwin,_Charles\1227_The_Expression_of_the_Emotions_in_Man_and_Animals.txt","D:\ThoughtMap\gutendex_books\Darwin,_Charles\graphs\1227_The_Expression_of_the_Emotions_in_Man_and_Animals_thoughtmap.png",0.111228,0.082106,0.064945,0.18487,0.145694,0.187559,0.081976,0.141622
205,"Thoreau, Henry David","Walden, and On The Duty Of Civil Disobedience","D:\ThoughtMap\gutendex_books\Thoreau,_Henry_David\205_Walden,_and_On_The_Duty_Of_Civil_Disobedience.txt","D:\ThoughtMap\gutendex_books\Thoreau,_Henry_David\graphs\205_Walden,_and_On_The_Duty_Of_Civil_Disobedience_thoughtmap.png",0.104054,0.126469,0.078882,0.092179,0.111097,0.255122,0.090333,0.141863
26289,"Thoreau, Henry David",Walden,"D:\ThoughtMap\gutendex_books\Thoreau,_Henry_David\26289_Walden.txt","D:\ThoughtMap\gutendex_books\Thoreau,_Henry_David\graphs\26289_Walden_thoughtmap.png",0.076309,0.024516,0.0,0.02833,0.216144,0.560816,0.0,0.093884
71,"Thoreau, Henry David",On the Duty of Civil Disobedience,"D:\ThoughtMap\gutendex_books\Thoreau,_Henry_David\71_On_the_Duty_of_Civil_Disobedience.txt","D:\ThoughtMap\gutendex_books\Thoreau,_Henry_David\graphs\71_On_the_Duty_of_Civil_Disobedience_thoughtmap.png",0.199027,0.110559,0.154015,0.088825,0.067639,0.109016,0.190039,0.08088
1022,"Thoreau, Henry David",Walking,"D:\ThoughtMap\gutendex_books\Thoreau,_Henry_David\1022_Walking.txt","D:\ThoughtMap\gutendex_books\Thoreau,_Henry_David\graphs\1022_Walking_thoughtmap.png",0.177617,0.118717,0.131547,0.081657,0.066729,0.182776,0.111405,0.129552
4232,"Thoreau, Henry David",A Week on the Concord and Merrimack Rivers,"D:\ThoughtMap\gutendex_books\Thoreau,_Henry_David\4232_A_Week_on_the_Concord_and_Merrimack_Rivers.txt","D:\ThoughtMap\gutendex_books\Thoreau,_Henry_David\graphs\4232_A_Week_on_the_Concord_and_Merrimack_Rivers_thoughtmap.png",0.103057,0.022548,0.08827,0.060387,0.088287,0.412623,0.156272,0.068558
57393,"Thoreau, Henry David","Journal 01, 1837-1846: The Writings of Henry David Thoreau, Volume 07 (of 20)","D:\ThoughtMap\gutendex_books\Thoreau,_Henry_David\57393_Journal_01,_1837-1846__The_Writings_of_Henry_David_Thoreau,_Volume_07_(of_20).txt","D:\ThoughtMap\gutendex_books\Thoreau,_Henry_David\graphs\57393_Journal_01,_1837-1846__The_Writings_of_Henry_David_Thoreau,_Volume_07_(of_20)_thoughtmap.png",0.298818,0.0,0.044286,0.001389,0.215649,0.20779,0.0,0.232069
43523,"Thoreau, Henry David","Familiar Letters: The Writings of Henry David Thoreau, Volume 06 (of 20)","D:\ThoughtMap\gutendex_books\Thoreau,_Henry_David\43523_Familiar_Letters__The_Writings_of_Henry_David_Thoreau,_Volume_06_(of_20).txt","D:\ThoughtMap\gutendex_books\Thoreau,_Henry_David\graphs\43523_Familiar_Letters__The_Writings_of_Henry_David_Thoreau,_Volume_06_(of_20)_thoughtmap.png",0.089373,0.0,0.0,0.064177,0.211994,0.276077,0.0,0.358379
42500,"Thoreau, Henry David","The Maine Woods: The Writings of Henry David Thoreau, Volume 03 (of 20)","D:\ThoughtMap\gutendex_books\Thoreau,_Henry_David\42500_The_Maine_Woods__The_Writings_of_Henry_David_Thoreau,_Volume_03_(of_20).txt","D:\ThoughtMap\gutendex_books\Thoreau,_Henry_David\graphs\42500_The_Maine_Woods__The_Writings_of_Henry_David_Thoreau,_Volume_03_(of_20)_thoughtmap.png",0.112395,0.046865,0.077852,0.149765,0.120456,0.269301,0.094887,0.128479
59031,"Thoreau, Henry David","Journal 02, 1850-September 15, 1851: The Writings of Henry David Thoreau, Volume 08 (of 20)","D:\ThoughtMap\gutendex_books\Thoreau,_Henry_David\59031_Journal_02,_1850-September_15,_1851__The_Writings_of_Henry_David_Thoreau,_Volume_08_(of_20).txt","D:\ThoughtMap\gutendex_books\Thoreau,_Henry_David\graphs\59031_Journal_02,_1850-September_15,_1851__The_Writings_of_Henry_David_Thoreau,_Volume_08_(of_20)_thoughtmap.png",0.286762,0.0,0.035426,0.005481,0.213281,0.222408,0.0,0.236643
58273,"Thoreau, Henry David",Index of the Project Gutenberg Works of Henry David Thoreau,"D:\ThoughtMap\gutendex_books\Thoreau,_Henry_David\58273_Index_of_the_Project_Gutenberg_Works_of_Henry_David_Thoreau.txt","D:\ThoughtMap\gutendex_books\Thoreau,_Henry_David\graphs\58273_Index_of_the_Project_Gutenberg_Works_of_Henry_David_Thoreau_thoughtmap.png",0.11327,0.06698,0.096182,0.050941,0.128313,0.248324,0.206583,0.089407
